entry_id,tanggal_raw,tanggal,tahun,bulan,presisi_tanggal,provinsi,kabupaten_kota,lokasi_raw,jumlah_raw,jumlah_dilaporkan,status_angka,jumlah_baris_html,jumlah_sel_angka,source_url,source_urls_json,masalah_rujukan,status_audit,masuk_analisis_utama,alasan_eksklusi,snapshot_revision,diakses_pada
W29876794-r526c6,2 Oktober 2024,2024-10-02,2024,10,tanggal,Jawa Timur,Nganjuk,SDN Banaran I,7 Siswa,7,angka_literal,1,1,https://www.ntthits.com/politik/57715026614/rentetan-kasus-keracunan-mbg-di-berbagai-daerah-program-bergizi-yang-kini-dikhawatirkan,"[""https://www.ntthits.com/politik/57715026614/rentetan-kasus-keracunan-mbg-di-berbagai-daerah-program-bergizi-yang-kini-dikhawatirkan""]",,belum_diperiksa_individual,False,di_luar_periode_2025_2026; sebelum_peluncuran_nasional,29876794,2026-09-18
W29876794-r163c6,13 Januari 2025,2025-01-13,2025,1,tanggal,Kalimantan Utara,Nunukan,SDN 003 Nunukan Selatan,29 Siswa,29,angka_literal,1,1,https://regional.kompas.com/read/2025/01/17/133943478/puluhan-anak-sd-di-nunukan-keracunan-mbg-begini-penjelasan-penyedia-menu,"[""https://regional.kompas.com/read/2025/01/17/133943478/puluhan-anak-sd-di-nunukan-keracunan-mbg-begini-penjelasan-penyedia-menu"", ""https://web.archive.org/web/20250312155351/https://regional.kompas.com/read/2025/01/17/133943478/puluhan-anak-sd-di-nunukan-keracunan-mbg-begini-penjelasan-penyedia-menu""]",,belum_diperiksa_individual,True,,29876794,2026-09-18
W29876794-r164c6,13 Januari 2025,2025-01-13,2025,1,tanggal,Kalimantan Utara,Nunukan,SMAN 2 Nunukan Selatan,> 30 Siswa,,batas_bukan_angka_pasti,1,1,https://regional.kompas.com/read/2025/01/19/094801178/siswa-sma-di-nunukan-juga-keracunan-mbg-lauk-tongkol-berulat,"[""https://regional.kompas.com/read/2025/01/19/094801178/siswa-sma-di-nunukan-juga-keracunan-mbg-lauk-tongkol-berulat"", ""https://web.archive.org/web/20250505070755/https://regional.kompas.com/read/2025/01/19/094801178/siswa-sma-di-nunukan-juga-keracunan-mbg-lauk-tongkol-berulat""]",,belum_diperiksa_individual,False,batas_bukan_angka_pasti,29876794,2026-09-18
W29876794-r213c6,14 Januari 2025,2025-01-14,2025,1,tanggal,Jawa Barat,Indramayu,TBA (Tidak Disebutkan),6 Siswa,6,angka_literal,1,1,https://www.kompas.com/jawa-barat/read/2025/09/27/130000188/9-daerah-di-jawa-barat-tertinggi-kasus-keracunan-mbg-korban-tembus?page=all#page2,"[""https://www.kompas.com/jawa-barat/read/2025/09/27/130000188/9-daerah-di-jawa-barat-tertinggi-kasus-keracunan-mbg-korban-tembus?page=all#page2""]",,belum_diperiksa_individual,True,,29876794,2026-09-18
W29876794-r355c6,16 Januari 2025,2025-01-16,2025,1,tanggal,Jawa Tengah,Sukoharjo,SDN Dukuh 03 Sukoharjo,50 Siswa,50,angka_literal,1,1,https://www.metrotvnews.com/read/kELCzjnn-puluhan-siswa-sdn-dukuh-03-sukoharjo-keracunan-usai-santap-makan-bergizi-gratis,"[""https://www.metrotvnews.com/read/kELCzjnn-puluhan-siswa-sdn-dukuh-03-sukoharjo-keracunan-usai-santap-makan-bergizi-gratis"", ""https://web.archive.org/web/20250505070804/https://www.metrotvnews.com/read/kELCzjnn-puluhan-siswa-sdn-dukuh-03-sukoharjo-keracunan-usai-santap-makan-bergizi-gratis""]",,belum_diperiksa_individual,True,,29876794,2026-09-18
W29876794-r185c6,19 Januari 2025,2025-01-19,2025,1,tanggal,Banten,Pandeglang,SDN 2 Alaswangi,28 Siswa,28,angka_literal,1,1,https://regional.kompas.com/read/2025/02/21/175529378/28-siswa-sd-di-pandeglang-alami-gejala-keracunan-usai-santap-mbg,"[""https://regional.kompas.com/read/2025/02/21/175529378/28-siswa-sd-di-pandeglang-alami-gejala-keracunan-usai-santap-mbg"", ""https://web.archive.org/web/20250222022850/https://regional.kompas.com/read/2025/02/21/175529378/28-siswa-sd-di-pandeglang-alami-gejala-keracunan-usai-santap-mbg""]",,belum_diperiksa_individual,True,,29876794,2026-09-18
W29876794-r473c6,20 Januari 2025,2025-01-20,2025,1,tanggal,Daerah Istimewa Yogyakarta,Kulon Progo,PAUD (Spesifik tidak disebutkan) | TK (Spesifik tidak disebutkan) | SD (Spesifik tidak disebutkan),104 Siswa,104,angka_literal,3,1,https://yogyakarta.kompas.com/read/2026/01/23/054238878/korban-keracunan-mbg-di-kulon-progo-capai-104-orang?page=all#page3,"[""https://yogyakarta.kompas.com/read/2026/01/23/054238878/korban-keracunan-mbg-di-kulon-progo-capai-104-orang?page=all#page3""]",,belum_diperiksa_individual,True,,29876794,2026-09-18
W29876794-r43c6,18 Februari 2025,2025-02-18,2025,2,tanggal,Sumatera Selatan,Empat Lawang,SD Negeri 7 Tebing Tinggi,8 Siswa,8,angka_literal,1,1,https://www.metrotvnews.com/play/KXyCQded-8-murid-sd-di-empat-lawang-diduga-keracunan-usai-santap-mbg,"[""https://www.metrotvnews.com/play/KXyCQded-8-murid-sd-di-empat-lawang-diduga-keracunan-usai-santap-mbg"", ""https://web.archive.org/web/20250305140649/https://www.metrotvnews.com/play/KXyCQded-8-murid-sd-di-empat-lawang-diduga-keracunan-usai-santap-mbg""]",,belum_diperiksa_individual,True,,29876794,2026-09-18
W29876794-r687c6,18 Februari 2025,2025-02-18,2025,2,tanggal,Nusa Tenggara Timur,Sumba Timur,SDK Andaluri,29 Siswa,29,angka_literal,1,1,https://sumba.inews.id/read/558543/puluhan-siswa-sdk-andaluri-diduga-keracunan-usai-santap-menu-makan-bergizi-gratis,"[""https://sumba.inews.id/read/558543/puluhan-siswa-sdk-andaluri-diduga-keracunan-usai-santap-menu-makan-bergizi-gratis""]",,belum_diperiksa_individual,True,,29876794,2026-09-18
W29876794-r144c6,25 Februari 2025,2025-02-25,2025,2,tanggal,Kalimantan Barat,Kubu Raya,SDN 08 Sungai Raya,5 Siswa,5,angka_literal,1,1,https://pontianakpost.jawapos.com/kubu-raya/1465693199/siswa-sdn-08-sungai-raya-alami-keracunan-usai-makan-makanan-program-mbg-begini-penjelasan-disdikbud-kubu-raya,"[""https://pontianakpost.jawapos.com/kubu-raya/1465693199/siswa-sdn-08-sungai-raya-alami-keracunan-usai-makan-makanan-program-mbg-begini-penjelasan-disdikbud-kubu-raya""]",,belum_diperiksa_individual,True,,29876794,2026-09-18
W29876794-r773c6,26 Februari 2025,2025-02-26,2025,2,tanggal,Sulawesi Selatan,Takalar,SD Kapunrengan | SD Bonto Ba'do | SD Lengkese,10 Siswa | 1 Siswa | 1 Siswa,12,angka_literal,3,3,https://www.metrotvnews.com/read/bzGCRJ8g-belasan-siswa-di-takalar-diduga-keracunan-usai-makan-menu-mbg,"[""https://www.metrotvnews.com/read/bzGCRJ8g-belasan-siswa-di-takalar-diduga-keracunan-usai-makan-menu-mbg""]",,belum_diperiksa_individual,True,,29876794,2026-09-18
W29876794-r356c6,14 April 2025,2025-04-14,2025,4,tanggal,Jawa Tengah,Batang,SDN 5 Proyonanggan,60 Siswa,60,angka_literal,1,1,https://nasional.kompas.com/read/2025/04/24/18431321/rentetan-keracunan-massal-mbg-lebih-dari-200-siswa-jadi-korban,"[""https://nasional.kompas.com/read/2025/04/24/18431321/rentetan-keracunan-massal-mbg-lebih-dari-200-siswa-jadi-korban""]",,belum_diperiksa_individual,True,,29876794,2026-09-18
W29876794-r357c6,14 April 2025,2025-04-14,2025,4,tanggal,Jawa Tengah,Batang,TK Islam Al Karomah,3 Siswa,3,angka_literal,1,1,https://www.detik.com/jateng/berita/d-7868911/viral-murid-tk-di-batang-muntah-usai-santap-mbg-dinkes-selidiki,"[""https://www.detik.com/jateng/berita/d-7868911/viral-murid-tk-di-batang-muntah-usai-santap-mbg-dinkes-selidiki"", ""https://web.archive.org/web/20250415041303/https://www.detik.com/jateng/berita/d-7868911/viral-murid-tk-di-batang-muntah-usai-santap-mbg-dinkes-selidiki""]",,belum_diperiksa_individual,True,,29876794,2026-09-18
W29876794-r215c6,21 April 2025,2025-04-21,2025,4,tanggal,Jawa Barat,Cianjur,MAN 1 Cianjur,51 Siswa,51,angka_literal,1,1,https://www.detik.com/jabar/berita/d-7879471/siswa-man-1-cianjur-keracunan-massal-usai-santap-mbg,"[""https://www.detik.com/jabar/berita/d-7879471/siswa-man-1-cianjur-keracunan-massal-usai-santap-mbg"", ""https://web.archive.org/web/20250422011753/https://www.detik.com/jabar/berita/d-7879471/siswa-man-1-cianjur-keracunan-massal-usai-santap-mbg""]",,belum_diperiksa_individual,True,,29876794,2026-09-18
W29876794-r216c6,21 April 2025,2025-04-21,2025,4,tanggal,Jawa Barat,Cianjur,SMP PGRI Cianjur,52 Siswa,52,angka_literal,1,1,https://news.okezone.com/read/2025/04/22/525/3132871/lagi-belasan-siswa-smp-1-pgri-cianjur-alami-keracunan-makanan-program-mbg,"[""https://news.okezone.com/read/2025/04/22/525/3132871/lagi-belasan-siswa-smp-1-pgri-cianjur-alami-keracunan-makanan-program-mbg"", ""https://news.okezone.com/"", ""https://web.archive.org/web/20250424025812/https://news.okezone.com/read/2025/04/22/525/3132871/lagi-belasan-siswa-smp-1-pgri-cianjur-alami-keracunan-makanan-program-mbg""]",,belum_diperiksa_individual,True,,29876794,2026-09-18
W29876794-r654c6,23 April 2025,2025-04-23,2025,4,tanggal,Nusa Tenggara Barat,Lombok Tengah,SDN Repuk Tunjang,5 Siswa,5,angka_literal,1,1,https://www.detik.com/bali/nusra/d-7907093/5-siswa-lombok-tengah-keracunan-menu-mbg-ada-bakteri-e-coli-di-telur,"[""https://www.detik.com/bali/nusra/d-7907093/5-siswa-lombok-tengah-keracunan-menu-mbg-ada-bakteri-e-coli-di-telur""]",,belum_diperiksa_individual,True,,29876794,2026-09-18
W29876794-r787c6,23 April 2025,2025-04-23,2025,4,tanggal,Sulawesi Tenggara,Bombana,SDN 33 Kasipute,13 Siswa,13,angka_literal,1,1,https://merdekami.com/2025/04/gejala-diduga-keracunan-muncul-di-sdn-33-kasipute-program-makanan-gratis-disorot/,"[""https://merdekami.com/2025/04/gejala-diduga-keracunan-muncul-di-sdn-33-kasipute-program-makanan-gratis-disorot/""]",,belum_diperiksa_individual,True,,29876794,2026-09-18
W29876794-r359c6,24 April 2025,2025-04-24,2025,4,tanggal,Jawa Tengah,Karanganyar,SD Wonorejo,2 Siswa dan 1 Kepala Sekolah,3,angka_literal,1,1,https://www.cnnindonesia.com/nasional/20250429174012-20-1223999/kepala-sekolah-dan-dua-siswa-di-karanganyar-diduga-keracunan-mbg,"[""https://www.cnnindonesia.com/nasional/20250429174012-20-1223999/kepala-sekolah-dan-dua-siswa-di-karanganyar-diduga-keracunan-mbg""]",,belum_diperiksa_individual,True,,29876794,2026-09-18
W29876794-r230c6,29 April 2025,2025-04-29,2025,4,tanggal,Jawa Barat,Kota Bandung,SMP Negeri 35 Bandung,342 siswa dan 2 guru,344,angka_literal,1,1,https://news.detik.com/berita/d-7897505/4-langkah-bgn-usai-bermunculan-kasus-pelajar-keracunan-mbg,"[""https://news.detik.com/berita/d-7897505/4-langkah-bgn-usai-bermunculan-kasus-pelajar-keracunan-mbg"", ""https://web.archive.org/web/20250504032254/https://news.detik.com/berita/d-7897505/4-langkah-bgn-usai-bermunculan-kasus-pelajar-keracunan-mbg""]",,belum_diperiksa_individual,True,,29876794,2026-09-18
W29876794-r231c6,1 Mei 2025,2025-05-01,2025,5,tanggal,Jawa Barat,Tasikmalaya,Beberapa Sekolah TK | SDN 1 Rajapolah | SDN 2 Rajapolah | SMPN 1 Rajapolah,400 Siswa,400,angka_literal,4,1,https://news.detik.com/berita/d-7896007/pelajar-di-tasikmalaya-diduga-keracunan-mbg-capai-400-orang,"[""https://news.detik.com/berita/d-7896007/pelajar-di-tasikmalaya-diduga-keracunan-mbg-capai-400-orang"", ""https://web.archive.org/web/20250503015310/https://news.detik.com/berita/d-7896007/pelajar-di-tasikmalaya-diduga-keracunan-mbg-capai-400-orang""]",,belum_diperiksa_individual,True,,29876794,2026-09-18
W29876794-r44c6,5 Mei 2025,2025-05-05,2025,5,tanggal,Sumatera Selatan,Penukal Abab Lematang Ilir,SDN 28 Talang Ubi | SDN 20 Talang Ubi | SDN 14 Talang Ubi | SMPN 6 Talang Ubi | MTs Handayani | PAUD Marwah | SMK 1 Handayani | SMK 2 Agro | PAUD Rumah Cinta | TK Al Hafidz | SMKN 2 Talang Ubi | SDN 1 Talang Ubi | SDN 2 Talang Ubi | SMPN 1 Talang Ubi,174 Siswa,174,angka_literal,14,1,https://www.viva.co.id/berita/nasional/1821155-ratusan-siswa-keracunan-program-mbg-di-pali-sumatera-selatan-disetop-sementara?page=1,"[""https://www.viva.co.id/berita/nasional/1821155-ratusan-siswa-keracunan-program-mbg-di-pali-sumatera-selatan-disetop-sementara?page=1""]",,belum_diperiksa_individual,True,,29876794,2026-09-18
W29876794-r468c6,17 Juni 2025,2025-06-17,2025,6,tanggal,Daerah Istimewa Yogyakarta,Kulon Progo,TK Aisyiyah Bustanul Athfal (ABA) Kasatriyan,10 Siswa,10,angka_literal,1,1,https://joglosemarnews.com/2025/06/diare-massal-di-tk-aba-kasatriyan-kulonprogo-bakmi-mbg-diduga-jadi-pemicu/,"[""https://joglosemarnews.com/2025/06/diare-massal-di-tk-aba-kasatriyan-kulonprogo-bakmi-mbg-diduga-jadi-pemicu/""]",,belum_diperiksa_individual,True,,29876794,2026-09-18
W29876794-r111c6,15 Juli 2025,2025-07-15,2025,7,tanggal,Lampung,Lampung Utara,SD Soekarno Hatta | SD IT Insan Rhobani,Puluhan Siswa,,kualitatif,2,1,https://www.cakralampung.com/2025/07/15/siswa-sd-di-lampung-utara-keracunan-usai-santap-mbg/,"[""https://www.cakralampung.com/2025/07/15/siswa-sd-di-lampung-utara-keracunan-usai-santap-mbg/""]",,belum_diperiksa_individual,False,kualitatif,29876794,2026-09-18
W29876794-r688c6,22 Juli 2025,2025-07-22,2025,7,tanggal,Nusa Tenggara Timur,Kota Kupang,SMP Negeri 08 Kota Kupang,186 Siswa,186,angka_literal,1,1,https://www.kompas.id/artikel/mereka-lemas-keracunan-mbg-di-samping-balai-kota-kupang,"[""https://www.kompas.id/artikel/mereka-lemas-keracunan-mbg-di-samping-balai-kota-kupang""]",,belum_diperiksa_individual,True,,29876794,2026-09-18
W29876794-r796c6,22 Juli 2025,2025-07-22,2025,7,tanggal,Maluku Utara,Kota Ternate,SMKN 5 Kota Ternate,17 Siswa,17,angka_literal,1,1,https://www.kadera.id/2025/07/27/diduga-keracunan-mbg-sampel-darah-17-siswa-smkn-5-ternate-diperiksa/,"[""https://www.kadera.id/2025/07/27/diduga-keracunan-mbg-sampel-darah-17-siswa-smkn-5-ternate-diperiksa/""]",,belum_diperiksa_individual,True,,29876794,2026-09-18
W29876794-r689c6,23 Juli 2025,2025-07-23,2025,7,tanggal,Nusa Tenggara Timur,Kota Kupang,SD Negeri Tenau,13 Siswa,13,angka_literal,1,1,https://www.koranmedia.com/daerah/1351442883/tersebar-di-6-sekolah-ombudsman-ri-perwakilan-ntt-catat-jumlah-korban-keracunan-mbg-capai-ratusan,"[""https://www.koranmedia.com/daerah/1351442883/tersebar-di-6-sekolah-ombudsman-ri-perwakilan-ntt-catat-jumlah-korban-keracunan-mbg-capai-ratusan""]",,belum_diperiksa_individual,True,,29876794,2026-09-18
W29876794-r691c6,23 Juli 2025,2025-07-23,2025,7,tanggal,Nusa Tenggara Timur,Kupang,SMA Negeri 1 Taebenu,2 Siswa,2,angka_literal,1,1,https://www.koranmedia.com/daerah/1351442883/tersebar-di-6-sekolah-ombudsman-ri-perwakilan-ntt-catat-jumlah-korban-keracunan-mbg-capai-ratusan,"[""https://www.koranmedia.com/daerah/1351442883/tersebar-di-6-sekolah-ombudsman-ri-perwakilan-ntt-catat-jumlah-korban-keracunan-mbg-capai-ratusan""]",,belum_diperiksa_individual,True,,29876794,2026-09-18
W29876794-r694c6,23 Juli 2025,2025-07-23,2025,7,tanggal,Nusa Tenggara Timur,Sumba Barat Daya,SMAN 1 Kota Tambolaka | SMKN 2 Tambolaka | SMK Don Bosco,58 Siswa | 7 Siswa | 10 Siswa,75,angka_literal,3,3,https://www.suara.com/news/2025/07/24/122257/puluhan-siswa-sma-di-sumba-barat-daya-keracunan-mbg,"[""https://www.suara.com/news/2025/07/24/122257/puluhan-siswa-sma-di-sumba-barat-daya-keracunan-mbg""]",,belum_diperiksa_individual,True,,29876794,2026-09-18
W29876794-r812c6,30 Juli 2025,2025-07-30,2025,7,tanggal,Papua Barat,Manokwari,SD Negeri 45 Arowi | SMP Negeri 13 Manokwari,13 Siswa,13,angka_literal,2,1,https://koran-jakarta.com/2025-07-31/ombudsman-selidiki-dapur-mbg-usai-insiden-keracunan-makanan-di-manokwari,"[""https://koran-jakarta.com/2025-07-31/ombudsman-selidiki-dapur-mbg-usai-insiden-keracunan-makanan-di-manokwari""]",,belum_diperiksa_individual,True,,29876794,2026-09-18
W29876794-r257c6,31 Juli 2025,2025-07-31,2025,7,tanggal,Jawa Barat,Kuningan,SMPN 1 Cilimus,± 30 Siswa,,perkiraan,1,1,https://kuninganmass.com/setelah-makan-siang-gratis-puluhan-siswa-smpn-1-cilimus-sakit-perut/,"[""https://kuninganmass.com/setelah-makan-siang-gratis-puluhan-siswa-smpn-1-cilimus-sakit-perut/""]",,belum_diperiksa_individual,False,perkiraan,29876794,2026-09-18
W29876794-r469c6,31 Juli 2025,2025-07-31,2025,7,tanggal,Daerah Istimewa Yogyakarta,Kulon Progo,SMPN 2 Wates | SMP Muhammadiyah 2 Wates | SD Triharjo | SD Sogan,497 Siswa,497,angka_literal,4,1,https://yogyakarta.kompas.com/read/2025/08/20/164930478/497-siswa-kulon-progo-keracunan-3-jenis-bakteri-berbahaya-ditemukan-di,"[""https://yogyakarta.kompas.com/read/2025/08/20/164930478/497-siswa-kulon-progo-keracunan-3-jenis-bakteri-berbahaya-ditemukan-di""]",,belum_diperiksa_individual,True,,29876794,2026-09-18
W29876794-r116c6,6 Agustus 2025,2025-08-06,2025,8,tanggal,Lampung,Tanggamus,SDN 1 Way Jaha,18 Siswa,18,angka_literal,1,1,https://www.liputan6.com/regional/read/6130634/18-siswa-di-lampung-mual-hingga-lemas-usai-santap-lele-disdikbud-perketat-pengawasan-mbg,"[""https://www.liputan6.com/regional/read/6130634/18-siswa-di-lampung-mual-hingga-lemas-usai-santap-lele-disdikbud-perketat-pengawasan-mbg""]",,belum_diperiksa_individual,True,,29876794,2026-09-18
W29876794-r262c6,6 Agustus 2025,2025-08-06,2025,8,tanggal,Jawa Barat,Sukabumi,SDN Puncak Batu | MI Cikadu | PAUD di Desa Cipamingkis | TBA (tidak disebutkan),± 32 Siswa,,perkiraan,4,1,https://www.detik.com/jabar/berita/d-8049711/32-pelajar-sukabumi-keracunan-sampel-makanan-dikirim-ke-lab,"[""https://www.detik.com/jabar/berita/d-8049711/32-pelajar-sukabumi-keracunan-sampel-makanan-dikirim-ke-lab""]",,belum_diperiksa_individual,False,perkiraan,29876794,2026-09-18
W29876794-r369c6,11 Agustus 2025,2025-08-11,2025,8,tanggal,Jawa Tengah,Sragen,SD Negeri 3 Gemolong | SD Negeri 4 Gemolong | SD Negeri Gemolong | SMP Negeri 1 Gemolong | SMP Negeri 2 Gemolong | SMP Negeri 3 Gemolong,1 Orang | 26 Orang | 66 Orang | 97 Orang | 61 Orang | 1 Orang,252,angka_literal,6,6,https://regional.kompas.com/read/2025/08/13/060240278/buntut-keracunan-massal-251-siswa-bupati-sragen-hentikan-distribusi-mbg-di,"[""https://regional.kompas.com/read/2025/08/13/060240278/buntut-keracunan-massal-251-siswa-bupati-sragen-hentikan-distribusi-mbg-di""]",,belum_diperiksa_individual,True,,29876794,2026-09-18
W29876794-r375c6,11 Agustus 2025,2025-08-11,2025,8,tanggal,Jawa Tengah,Sragen,TBA (Tidak Disebutkan) | TBA (Tidak Disebutkan) | TBA (Tidak Disebutkan) | TBA (Tidak Disebutkan),114 Orang,114,angka_literal,4,1,https://inilahjateng.com/korban-keracunan-mbg-di-sragen-terus-bertambah/,"[""https://inilahjateng.com/korban-keracunan-mbg-di-sragen-terus-bertambah/""]",,belum_diperiksa_individual,True,,29876794,2026-09-18
W29876794-r482c6,13 Agustus 2025,2025-08-13,2025,8,tanggal,Daerah Istimewa Yogyakarta,Sleman,SMP Muhammadiyah 1 Mlati | SMP Muhammadiyah 3 Mlati | SMP Negeri 3 Mlati | SMP Pamungkas Mlati,379 Siswa,379,angka_literal,4,1,https://jogja.tribunnews.com/2025/08/16/jumlah-korban-dugaan-keracunan-menu-mbg-di-sleman-bertambah-kini-tercatat-menjadi-379-siswa,"[""https://jogja.tribunnews.com/2025/08/16/jumlah-korban-dugaan-keracunan-menu-mbg-di-sleman-bertambah-kini-tercatat-menjadi-379-siswa""]",,belum_diperiksa_individual,True,,29876794,2026-09-18
W29876794-r279c6,14 Agustus 2025,2025-08-14,2025,8,tanggal,Jawa Barat,Karawang,TBA( tidak disebutkan),82 Siswa,82,angka_literal,1,1,https://www.kompas.com/jawa-barat/read/2025/09/27/130000188/9-daerah-di-jawa-barat-tertinggi-kasus-keracunan-mbg-korban-tembus?page=all#page2,"[""https://www.kompas.com/jawa-barat/read/2025/09/27/130000188/9-daerah-di-jawa-barat-tertinggi-kasus-keracunan-mbg-korban-tembus?page=all#page2""]",,belum_diperiksa_individual,True,,29876794,2026-09-18
W29876794-r664c6,19 Agustus 2025,2025-08-19,2025,8,tanggal,Nusa Tenggara Barat,Lombok Timur,SMK Karya Adi Husada,Belasan Siswa,,kualitatif,1,1,https://radarlombok.co.id/siswa-smk-diduga-keracunan-usai-santap-mbg.html,"[""https://radarlombok.co.id/siswa-smk-diduga-keracunan-usai-santap-mbg.html""]",,belum_diperiksa_individual,False,kualitatif,29876794,2026-09-18
W29876794-r217c6,20 Agustus 2025,2025-08-20,2025,8,tanggal,Jawa Barat,Cianjur,Pondok Pesantren Darul Quran,12 Santri,12,angka_literal,1,1,https://www.detik.com/jabar/berita/d-8072825/12-santriwati-di-cianjur-dibawa-ke-rs-diduga-keracunan-makanan-mbg,"[""https://www.detik.com/jabar/berita/d-8072825/12-santriwati-di-cianjur-dibawa-ke-rs-diduga-keracunan-makanan-mbg""]",,belum_diperiksa_individual,True,,29876794,2026-09-18
W29876794-r282c6,21 Agustus 2025,2025-08-21,2025,8,tanggal,Jawa Barat,Bandung,SD Negeri Legok Hayam,12 Siswa,12,angka_literal,1,1,https://jabarekspres.com/berita/2025/08/22/12-siswa-sdn-legokhayam-cimenyan-alami-keracunan-diduga-dari-makanan-program-mbg/,"[""https://jabarekspres.com/berita/2025/08/22/12-siswa-sdn-legokhayam-cimenyan-alami-keracunan-diduga-dari-makanan-program-mbg/""]",,belum_diperiksa_individual,True,,29876794,2026-09-18
W29876794-r214c6,22 Agustus 2025,2025-08-22,2025,8,tanggal,Jawa Barat,Indramayu,TBA (Tidak Disebutkan),2 Siswa,2,angka_literal,1,1,https://www.kompas.com/jawa-barat/read/2025/09/27/130000188/9-daerah-di-jawa-barat-tertinggi-kasus-keracunan-mbg-korban-tembus?page=all#page2,"[""https://www.kompas.com/jawa-barat/read/2025/09/27/130000188/9-daerah-di-jawa-barat-tertinggi-kasus-keracunan-mbg-korban-tembus?page=all#page2""]",,belum_diperiksa_individual,True,,29876794,2026-09-18
W29876794-r266c6,22 Agustus 2025,2025-08-22,2025,8,tanggal,Jawa Barat,Sukabumi,SDN 02 Parakansalak,24 Siswa,24,angka_literal,1,1,https://www.detik.com/jabar/berita/d-8074457/kronologi-24-siswa-sd-parakansalak-keracunan-usai-santap-mbg,"[""https://www.detik.com/jabar/berita/d-8074457/kronologi-24-siswa-sd-parakansalak-keracunan-usai-santap-mbg""]",,belum_diperiksa_individual,True,,29876794,2026-09-18
W29876794-r68c6,22 Agustus 2025,2025-08-22,2025,8,tanggal,Riau,Indragiri Hilir,SDN 032 Tembilahan | SDN 008 Tembilahan | SD Muhammadiyah | SMA Negeri 1 Kota | TK Faturahman,28 Siswa,28,angka_literal,5,1,https://bukamata.co/kesehatan/501314310/setelah-28-siswa-di-tembilahan-keracunan-massal-mbg-pihak-sppg-cuma-minta-maaf,"[""https://bukamata.co/kesehatan/501314310/setelah-28-siswa-di-tembilahan-keracunan-massal-mbg-pihak-sppg-cuma-minta-maaf""]",,belum_diperiksa_individual,True,,29876794,2026-09-18
W29876794-r118c6,26 Agustus 2025,2025-08-26,2025,8,tanggal,Lampung,Lampung Timur,Pondok Pesantren Al Islah,40 Santri,40,angka_literal,1,1,https://lampung.inews.id/berita/40-siswa-smp-di-lampung-timur-diduga-keracunan-mbg-31-dirawat-inap,"[""https://lampung.inews.id/berita/40-siswa-smp-di-lampung-timur-diduga-keracunan-mbg-31-dirawat-inap""]",,belum_diperiksa_individual,True,,29876794,2026-09-18
W29876794-r486c6,27 Agustus 2025,2025-08-27,2025,8,tanggal,Daerah Istimewa Yogyakarta,Sleman,SMPN 3 Berbah,135 siswa + 2 guru,137,angka_literal,1,1,https://www.detik.com/jogja/berita/d-8081852/135-siswa-2-guru-smpn-3-berbah-sleman-diduga-keracunan-mbg,"[""https://www.detik.com/jogja/berita/d-8081852/135-siswa-2-guru-smpn-3-berbah-sleman-diduga-keracunan-mbg""]",,belum_diperiksa_individual,True,,29876794,2026-09-18
W29876794-r747c6,27 Agustus 2025,2025-08-27,2025,8,tanggal,Sulawesi Tengah,Kota Palu,MTs Sis Al-Jufri Tatura | SMK Bina Potensi,45 Siswa | > 100 Siswa,,batas_bukan_angka_pasti,2,2,https://manado.antaranews.com/berita/292405/18-pelajar-diduga-keracunan-mbg-dirawat-di-rs-bala-keselamatan,"[""https://manado.antaranews.com/berita/292405/18-pelajar-diduga-keracunan-mbg-dirawat-di-rs-bala-keselamatan""]",,belum_diperiksa_individual,False,batas_bukan_angka_pasti,29876794,2026-09-18
W29876794-r73c6,28 Agustus 2025,2025-08-28,2025,8,tanggal,Riau,Kampar,SDN 006 Langgini,18 siswa,18,angka_literal,1,1,https://www.iniriau.com/detail/48677/orang-tua-siswa-resah-usai-insiden-keracunan-mbg-di-bangkinang,"[""https://www.iniriau.com/detail/48677/orang-tua-siswa-resah-usai-insiden-keracunan-mbg-di-bangkinang""]",,belum_diperiksa_individual,True,,29876794,2026-09-18
W29876794-r86c6,28 Agustus 2025,2025-08-28,2025,8,tanggal,Bengkulu,Lebong,PAUD IT Al-Azhar | PAUD Az-Zahra | TK Al Akhlak | SD IT Al Azhar | SD IT Al-Azhar Sukabumi | SD Muhammadiyah Ujung Tanjung | SD Muhammadiyah Ujung Tanjung II | SD Negeri 17 Ujung Tanjung I | SD Negeri 25 Desa Sukabumi | SD IT Suka Bumi | SMP 05 Lebong | SMP 16 Lebong,539 Siswa,539,angka_literal,12,1,https://bengkulu.bpk.go.id/tertinggi-korban-mbg-di-lebong-539-orang/,"[""https://bengkulu.bpk.go.id/tertinggi-korban-mbg-di-lebong-539-orang/""]",,belum_diperiksa_individual,True,,29876794,2026-09-18
W29876794-r113c6,29 Agustus 2025,2025-08-29,2025,8,tanggal,Lampung,Lampung Utara,SDN 1 Negara Agung,16 Siswa,16,angka_literal,1,1,https://lampost.co/lampung/16-pelajar-lampung-utara-keracunan-makan-bergizi-gratis/,"[""https://lampost.co/lampung/16-pelajar-lampung-utara-keracunan-makan-bergizi-gratis/""]",,belum_diperiksa_individual,True,,29876794,2026-09-18
W29876794-r128c6,29 Agustus 2025,2025-08-29,2025,8,tanggal,Lampung,Kota Bandar Lampung,SDN 2 Sukabumi | SDN 2 Campang Raya | SMPN 31 Campang Raya | SMKN 5 Sukabumi,247 siswa,247,angka_literal,4,1,https://indonesiainvestigasi.com/orang-tua-murid-meminta-polda-lampung-periksa-dan-proses-yayasan-penyedia-mbg-yang-menyebabkan-puluhan-murid-mengalami-keracunan-massal/31/,"[""https://indonesiainvestigasi.com/orang-tua-murid-meminta-polda-lampung-periksa-dan-proses-yayasan-penyedia-mbg-yang-menyebabkan-puluhan-murid-mengalami-keracunan-massal/31/""]",,belum_diperiksa_individual,True,,29876794,2026-09-18
W29876794-r196c6,29 Agustus 2025,2025-08-29,2025,8,tanggal,DKI Jakarta,Jakarta Selatan,TBA (Tidak diumumkan),3 Siswa,3,angka_literal,1,1,https://news.republika.co.id/berita/t3fv80487/ditanya-kejadian-keracunan-mbg-di-jakarta-pramono-tanyakan-pemerintah-pusat,"[""https://news.republika.co.id/berita/t3fv80487/ditanya-kejadian-keracunan-mbg-di-jakarta-pramono-tanyakan-pemerintah-pusat""]",,belum_diperiksa_individual,True,,29876794,2026-09-18
W29876794-r186c6,2 September 2025,2025-09-02,2025,9,tanggal,Banten,Serang,SMPN 1 Kramatwatu,27 Siswa,27,angka_literal,1,1,https://www.inews.id/news/nasional/27-siswa-smp-di-serang-banten-diduga-keracunan-mbg-gejala-mual-hingga-diare,"[""https://www.inews.id/news/nasional/27-siswa-smp-di-serang-banten-diduga-keracunan-mbg-gejala-mual-hingga-diare""]",,belum_diperiksa_individual,True,,29876794,2026-09-18
W29876794-r58c6,2 September 2025,2025-09-02,2025,9,tanggal,Sumatera Selatan,Ogan Komering Ilir,SD Negeri 1 Pedamaran | SD Negeri 5 Pedamaran | SMP Negeri 1 Pedamaran,80 Siswa,80,angka_literal,3,1,https://www.detik.com/sumbagsel/berita/d-8095058/program-mbg-di-oki-dihentikan-sementara-usai-80-siswa-sd-smp-keracunan,"[""https://www.detik.com/sumbagsel/berita/d-8095058/program-mbg-di-oki-dihentikan-sementara-usai-80-siswa-sd-smp-keracunan""]",,belum_diperiksa_individual,True,,29876794,2026-09-18
W29876794-r218c6,3 September 2025,2025-09-03,2025,9,tanggal,Jawa Barat,Cianjur,MTs Islamiyah Sayang,9 Siswa,9,angka_literal,1,1,https://pakuanraya.com/diduga-keracunan-mbg-sembilan-siswa-mts-di-cianjur-dilarikan-ke-rumah-sakit/,"[""https://pakuanraya.com/diduga-keracunan-mbg-sembilan-siswa-mts-di-cianjur-dilarikan-ke-rumah-sakit/""]",,belum_diperiksa_individual,True,,29876794,2026-09-18
W29876794-r494c6,3 September 2025,2025-09-03,2025,9,tanggal,Daerah Istimewa Yogyakarta,Gunungkidul,MTsN Wonosari,5 Siswa,5,angka_literal,1,1,https://www.detik.com/jogja/berita/d-8096710/5-anak-mual-muntah-usai-santap-mbg-di-gunungkidul-dinkes-diduga-keracunan-makanan,"[""https://www.detik.com/jogja/berita/d-8096710/5-anak-mual-muntah-usai-santap-mbg-di-gunungkidul-dinkes-diduga-keracunan-makanan""]",,belum_diperiksa_individual,True,,29876794,2026-09-18
W29876794-r61c6,3 September 2025,2025-09-03,2025,9,tanggal,Sumatera Selatan,Musi Banyuasin,SDN 3 Mangun Jaya,9 Siswa,9,angka_literal,1,1,https://www.kompas.com/sumatera-selatan/read/2025/09/05/153000688/9-siswa-sd-di-muba-diduga-keracunan-makanan-program-makan,"[""https://www.kompas.com/sumatera-selatan/read/2025/09/05/153000688/9-siswa-sd-di-muba-diduga-keracunan-makanan-program-makan""]",,belum_diperiksa_individual,True,,29876794,2026-09-18
W29876794-r669c6,3 September 2025,2025-09-03,2025,9,tanggal,Nusa Tenggara Barat,Lombok Barat,SDN 1 Selat,17 Siswa,17,angka_literal,1,1,https://www.detik.com/bali/nusra/d-8095139/17-siswa-di-lombok-barat-diduga-keracunan-mbg-sempat-dibawa-ke-puskesmas,"[""https://www.detik.com/bali/nusra/d-8095139/17-siswa-di-lombok-barat-diduga-keracunan-mbg-sempat-dibawa-ke-puskesmas""]",,belum_diperiksa_individual,True,,29876794,2026-09-18
W29876794-r670c6,3 September 2025,2025-09-03,2025,9,tanggal,Nusa Tenggara Barat,Lombok Barat,SDN 2 Nyur Lembang,2 Siswa,2,angka_literal,1,1,https://regional.kompas.com/read/2025/09/05/140802578/ketua-gugus-di-ntb-sebut-2-sekolah-keracunan-mbg-kita-tidak-mau-anak-anak,"[""https://regional.kompas.com/read/2025/09/05/140802578/ketua-gugus-di-ntb-sebut-2-sekolah-keracunan-mbg-kita-tidak-mau-anak-anak""]",,belum_diperiksa_individual,True,,29876794,2026-09-18
W29876794-r138c6,4 September 2025,2025-09-04,2025,9,tanggal,Lampung,Kota Metro,TBA( Tidak Disebutkan),12 Siswa,12,angka_literal,1,1,https://radarlampung.co.id,"[""https://radarlampung.co.id"", ""https://radarlampung.disway.id/read/716610/sikapi-kasus-keracunan-siswa-mbg-wagub-jihan-kuota-dapur-terlalu-besar-perlu-dievaluasi"", ""https://radarlampung.co.id/""]",rujukan_hanya_beranda,belum_diperiksa_individual,False,rujukan_hanya_beranda,29876794,2026-09-18
W29876794-r529c6,4 September 2025,2025-09-04,2025,9,tanggal,Jawa Timur,Situbondo,SMAN 1 Panji,232 Siswa,232,angka_literal,1,1,https://memorandum.disway.id/read/138688/232-siswa-sman-1-panji-diduga-mengalami-keracunan-mbg,"[""https://memorandum.disway.id/read/138688/232-siswa-sman-1-panji-diduga-mengalami-keracunan-mbg""]",,belum_diperiksa_individual,True,,29876794,2026-09-18
W29876794-r197c6,8 September 2025,2025-09-08,2025,9,tanggal,DKI Jakarta,Jakarta Utara,TBA (Tidak diumumkan),14 Siswa,14,angka_literal,1,1,https://news.republika.co.id/berita/t3fv80487/ditanya-kejadian-keracunan-mbg-di-jakarta-pramono-tanyakan-pemerintah-pusat,"[""https://news.republika.co.id/berita/t3fv80487/ditanya-kejadian-keracunan-mbg-di-jakarta-pramono-tanyakan-pemerintah-pusat""]",,belum_diperiksa_individual,True,,29876794,2026-09-18
W29876794-r198c6,8 September 2025,2025-09-08,2025,9,tanggal,DKI Jakarta,Jakarta Utara,SMPN 277 Jakarta,Puluhan Siswa,,kualitatif,1,1,https://www.tempo.co/politik/keracunan-makan-bergizi-gratis-2073995,"[""https://www.tempo.co/politik/keracunan-makan-bergizi-gratis-2073995""]",,belum_diperiksa_individual,False,kualitatif,29876794,2026-09-18
W29876794-r530c6,9 September 2025,2025-09-09,2025,9,tanggal,Jawa Timur,Pamekasan,Lembaga Pendidikan Al-Falah | Lembaga Pendidikan Al-Amin,37 Siswa,37,angka_literal,2,1,https://www.pojoksatu.id/daerah/1086581857/buntut-puluhan-siswa-keracunan-akibat-mbg-bgn-pamekasan-diduga-enggan-bertanggung-jawab,"[""https://www.pojoksatu.id/daerah/1086581857/buntut-puluhan-siswa-keracunan-akibat-mbg-bgn-pamekasan-diduga-enggan-bertanggung-jawab""]",,belum_diperiksa_individual,True,,29876794,2026-09-18
W29876794-r379c6,10 September 2025,2025-09-10,2025,9,tanggal,Jawa Tengah,Klaten,Siswa SD (Spesifik Tidak Disebutkan),105 Siswa,105,angka_literal,1,1,https://www.idntimes.com/news/indonesia/deretan-kasus-keracunan-mbg-sebulan-terakhir-ratusan-siswa-jadi-korban-00-f48mr-l0x2ps,"[""https://www.idntimes.com/news/indonesia/deretan-kasus-keracunan-mbg-sebulan-terakhir-ratusan-siswa-jadi-korban-00-f48mr-l0x2ps""]",,belum_diperiksa_individual,True,,29876794,2026-09-18
W29876794-r219c6,11 September 2025,2025-09-11,2025,9,tanggal,Jawa Barat,Cianjur,SDN Salakawung | SMP Budi Luhur,36 Siswa,36,angka_literal,2,1,https://www.detik.com/jabar/hukum-dan-kriminal/d-8107679/36-siswa-sd-smp-di-cianjur-keracunan-usai-santap-mbg,"[""https://www.detik.com/jabar/hukum-dan-kriminal/d-8107679/36-siswa-sd-smp-di-cianjur-keracunan-usai-santap-mbg""]",,belum_diperiksa_individual,True,,29876794,2026-09-18
W29876794-r267c6,11 September 2025,2025-09-11,2025,9,tanggal,Jawa Barat,Sukabumi,SMKN 1 Cibadak,69 Siswa,69,angka_literal,1,1,https://www.koran-gala.id/news/58715927443/sebanyak-69-siswa-smkn-1-cibadak-sukabumi-diduga-keracunan-menu-mbg,"[""https://www.koran-gala.id/news/58715927443/sebanyak-69-siswa-smkn-1-cibadak-sukabumi-diduga-keracunan-menu-mbg""]",,belum_diperiksa_individual,True,,29876794,2026-09-18
W29876794-r387c6,11 September 2025,2025-09-11,2025,9,tanggal,Jawa Tengah,Wonogiri,Madrasah Ibtidaiyah Negeri (MIN) Wonogiri,23 Siswa,23,angka_literal,1,1,https://radarsolo.jawapos.com/wonogiri/846566434/siswa-dan-guru-min-wonogiri-dilaporkan-alami-diare-setelah-santap-menu-mbg,"[""https://radarsolo.jawapos.com/wonogiri/846566434/siswa-dan-guru-min-wonogiri-dilaporkan-alami-diare-setelah-santap-menu-mbg""]",,belum_diperiksa_individual,True,,29876794,2026-09-18
W29876794-r788c6,11 September 2025,2025-09-11,2025,9,tanggal,Sulawesi Tenggara,Buton,SDN 55 Buton,Puluhan Siswa,,kualitatif,1,1,https://www.halosultra.com/sultra-raya/buton/50849/puluhan-siswa-sd-di-buton-keracunan-makanan-mbg-wabup-minta-evaluasi-program/,"[""https://www.halosultra.com/sultra-raya/buton/50849/puluhan-siswa-sd-di-buton-keracunan-makanan-mbg-wabup-minta-evaluasi-program/""]",,belum_diperiksa_individual,False,kualitatif,29876794,2026-09-18
W29876794-r799c6,11 September 2025,2025-09-11,2025,9,tanggal,Maluku,Maluku Barat Daya,SMPN 1 Babar Barat,40 Siswa,40,angka_literal,1,1,https://rri.co.id/daerah/1827811/pilihan-siswa-di-maluku-barat-daya-keracunan-mbg,"[""https://rri.co.id/daerah/1827811/pilihan-siswa-di-maluku-barat-daya-keracunan-mbg""]",,belum_diperiksa_individual,True,,29876794,2026-09-18
W29876794-r388c6,12 September 2025,2025-09-12,2025,9,tanggal,Jawa Tengah,Wonogiri,SMAN 2 Wonogiri,110 Siswa,110,angka_literal,1,1,https://joglosemarnews.com/2025/09/geger-di-wonogiri-110-pelajar-diduga-keracunan-usai-santap-menu-makan-bergizi-gratis-mbg/,"[""https://joglosemarnews.com/2025/09/geger-di-wonogiri-110-pelajar-diduga-keracunan-usai-santap-menu-makan-bergizi-gratis-mbg/""]",,belum_diperiksa_individual,True,,29876794,2026-09-18
W29876794-r495c6,15 September 2025,2025-09-15,2025,9,tanggal,Daerah Istimewa Yogyakarta,Gunungkidul,SDN Sumberejo | SMPN 2 Semin | SMPS Budi Mulia Semin,19 Siswa,19,angka_literal,3,1,https://www.detik.com/jogja/berita/d-8115413/19-siswa-di-semin-gunungkidul-diduga-keracunan-mbg,"[""https://www.detik.com/jogja/berita/d-8115413/19-siswa-di-semin-gunungkidul-diduga-keracunan-mbg""]",,belum_diperiksa_individual,True,,29876794,2026-09-18
W29876794-r749c6,16 September  2025,2025-09-16,2025,9,tanggal,Sulawesi Tengah,Kota Palu,SDN Inpres Boyaoge,6 Siswa,6,angka_literal,1,1,https://palu.tribunnews.com/palu/168739/breaking-news-diduga-keracunan-mbg-6-murid-sdn-inpres-boyaoge-palu-dilarikan-ke-rumah-sakit,"[""https://palu.tribunnews.com/palu/168739/breaking-news-diduga-keracunan-mbg-6-murid-sdn-inpres-boyaoge-palu-dilarikan-ke-rumah-sakit""]",,belum_diperiksa_individual,True,,29876794,2026-09-18
W29876794-r750c6,16 September 2025,2025-09-16,2025,9,tanggal,Sulawesi Tengah,Parigi Moutong,SDK Toboli Barat,18 Siswa,18,angka_literal,1,1,https://www.sulawesitoday.com/berita/1221584838/18-siswa-sdk-toboli-barat-diduga-keracunan-makanan-bergizi-gratis-disdikbud-parigi-moutong-belum-terima-laporan-resmi,"[""https://www.sulawesitoday.com/berita/1221584838/18-siswa-sdk-toboli-barat-diduga-keracunan-makanan-bergizi-gratis-disdikbud-parigi-moutong-belum-terima-laporan-resmi""]",,belum_diperiksa_individual,True,,29876794,2026-09-18
W29876794-r789c6,16 September 2025,2025-09-16,2025,9,tanggal,Sulawesi Tenggara,Kota Baubau,SMAN 7 Baubau | SD Hidayatullah,37 Siswa,37,angka_literal,2,1,https://www.kompas.tv/regional/617981/37-siswa-di-baubau-diduga-keracunan-massal-usai-santap-makan-bergizi-gratis-sapa-pagi,"[""https://www.kompas.tv/regional/617981/37-siswa-di-baubau-diduga-keracunan-massal-usai-santap-makan-bergizi-gratis-sapa-pagi""]",,belum_diperiksa_individual,True,,29876794,2026-09-18
W29876794-r283c6,17 September 2025,2025-09-17,2025,9,tanggal,Jawa Barat,Garut,SDN 2 Mandalasari | SMP Siti Aisyah | MA (Madrasah Aliyah) Siti Aisyah | MA Maarif Cilageni | SMA Siti Aisyah,657 Siswa,657,angka_literal,5,1,https://koran.pikiran-rakyat.com/news/pr-3039659563/korban-keracunan-mbg-di-garut-capai-657-siswa-bupati-janji-evaluasi-menyeluruh,"[""https://koran.pikiran-rakyat.com/news/pr-3039659563/korban-keracunan-mbg-di-garut-capai-657-siswa-bupati-janji-evaluasi-menyeluruh""]",,belum_diperiksa_individual,True,,29876794,2026-09-18
W29876794-r532c6,17 September 2025,2025-09-17,2025,9,tanggal,Jawa Timur,Pamekasan,SDN Pasanggar 1 Pegantenan,8 Siswa,8,angka_literal,1,1,https://pamekasanchannel.com/news/daerah/menu-mbg-di-pegantenan-pamekasan-penyebab-keracunan-polisi-8-siswa-alami-muntah-muntah/,"[""https://pamekasanchannel.com/news/daerah/menu-mbg-di-pegantenan-pamekasan-penyebab-keracunan-polisi-8-siswa-alami-muntah-muntah/""]",,belum_diperiksa_individual,True,,29876794,2026-09-18
W29876794-r536c6,17 September 2025,2025-09-17,2025,9,tanggal,Jawa Timur,Lamongan,SMAN 2 Lamongan,18 Siswa,18,angka_literal,1,1,https://radarbangsa.co.id/polres-lamongan-tangani-serius-kasus-keracunan-mbg-siswa-sman-2/,"[""https://radarbangsa.co.id/polres-lamongan-tangani-serius-kasus-keracunan-mbg-siswa-sman-2/""]",,belum_diperiksa_individual,True,,29876794,2026-09-18
W29876794-r672c6,17 September 2025,2025-09-17,2025,9,tanggal,Nusa Tenggara Barat,Sumbawa,MTSN 2 Sumbawa | SDN Lamenta | MIN 3 Sumbwa | MAN 3 Sumbawa,94 siswa | 1 siswa | 20 siswa | 11 siswa,126,angka_literal,4,4,https://www.detik.com/bali/nusra/d-8117464/ratusan-siswa-di-sumbawa-diduga-keracunan-mbg-keluhkan-mual-mencret?page=2,"[""https://www.detik.com/bali/nusra/d-8117464/ratusan-siswa-di-sumbawa-diduga-keracunan-mbg-keluhkan-mual-mencret?page=2""]",,belum_diperiksa_individual,True,,29876794,2026-09-18
W29876794-r752c6,17 September 2025,2025-09-17,2025,9,tanggal,Sulawesi Tengah,Banggai Kepulauan,SDN Inpres Tompudau | SDN Pembina | SDN saiyong | MTS Alkhairat salakan | SMP Negeri 1 Tinangkung | SMA Negeri 1 Tinangkung | SMK Negeri 1 Tinangkung,338 Siswa,338,angka_literal,7,1,https://www.tvonenews.com/berita/nasional/376029-338-siswa-keracunan-mbg-di-banggai-kepala-bgn-sebut-karena-ganti-supplier-ikan-cakalang,"[""https://www.tvonenews.com/berita/nasional/376029-338-siswa-keracunan-mbg-di-banggai-kepala-bgn-sebut-karena-ganti-supplier-ikan-cakalang""]",,belum_diperiksa_individual,True,,29876794,2026-09-18
W29876794-r235c6,18 September 2025,2025-09-18,2025,9,tanggal,Jawa Barat,Tasikmalaya,SD Cikalong 1 | PAUD di wilayah Cikalong | “beberapa sekolah lain” di Kecamatan Cikalong,52 Siswa,52,angka_literal,3,1,https://bandung.kompas.com/read/2025/09/19/202607678/update-korban-keracunan-mbg-di-tasikmalaya-total-52-siswa-sudah-pulang-ke,"[""https://bandung.kompas.com/read/2025/09/19/202607678/update-korban-keracunan-mbg-di-tasikmalaya-total-52-siswa-sudah-pulang-ke""]",,belum_diperiksa_individual,True,,29876794,2026-09-18
W29876794-r800c6,18 September 2025,2025-09-18,2025,9,tanggal,Maluku,Kota Tual,SDN 19 Kota Tual,17 Siswa,17,angka_literal,1,1,https://rakyatmaluku.fajar.co.id/2025/09/19/santap-mbg-17-siswa-sdn-19-tual-tumbang/,"[""https://rakyatmaluku.fajar.co.id/2025/09/19/santap-mbg-17-siswa-sdn-19-tual-tumbang/""]",,belum_diperiksa_individual,True,,29876794,2026-09-18
W29876794-r801c6,19 September 2025,2025-09-19,2025,9,tanggal,Maluku,Kota Ambon,SD Inpres 35 Passo,16 Siswa,16,angka_literal,1,1,https://ameks.fajar.co.id/2025/09/19/usai-santap-mbg-sejumlah-siswa-hingga-guru-sd-inpres-35-passo-keracunan/,"[""https://ameks.fajar.co.id/2025/09/19/usai-santap-mbg-sejumlah-siswa-hingga-guru-sd-inpres-35-passo-keracunan/""]",,belum_diperiksa_individual,True,,29876794,2026-09-18
W29876794-r169c6,22 September 2025,2025-09-22,2025,9,tanggal,Kalimantan Utara,Bulungan,SMAN 1 Tanjung Selor,2 Siswa,2,angka_literal,1,1,https://mediakaltimtara.com/diduga-keracunan-makanan-mbg-2-pelajar-sman-1-tanjung-selor-dilarikan-ke-rumah-sakit/,"[""https://mediakaltimtara.com/diduga-keracunan-makanan-mbg-2-pelajar-sman-1-tanjung-selor-dilarikan-ke-rumah-sakit/""]",,belum_diperiksa_individual,True,,29876794,2026-09-18
W29876794-r298c6,22 September 2025 | 24 September 2025,2025-09-22,2025,9,beberapa_tanggal,Jawa Barat,Bandung Barat,SD Negeri Cipari | MTs Darul Fiqri | SMK Pembangunan Bandung Barat | TK Nurul Saadah | SMP Ciparai | SMK Karya Perjuangan | MTs Manarul Huda | SDN 1 Cihampelas | MTs Al Mukhtariyah | SMKN 1 Cihampelas | MA Al Mukhtariyah,1.333 Siswa,1333,angka_literal,11,1,https://bandung.kompas.com/read/2025/09/25/165121378/update-korban-keracunan-mbg-di-bandung-barat-tembus-1333-orang,"[""https://bandung.kompas.com/read/2025/09/25/165121378/update-korban-keracunan-mbg-di-bandung-barat-tembus-1333-orang""]",,agregat_beberapa_kejadian,False,tanggal_beberapa_tanggal,29876794,2026-09-18
W29876794-r393c6,22 September 2025,2025-09-22,2025,9,tanggal,Jawa Tengah,Kota Salatiga,MAN Kota Salatiga,± 7 siswa,,perkiraan,1,1,https://radarsemarang.jawapos.com/salatiga/726611719/pemkot-bilang-begini-soal-insiden-keracunan-mbg-di-man-salatiga,"[""https://radarsemarang.jawapos.com/salatiga/726611719/pemkot-bilang-begini-soal-insiden-keracunan-mbg-di-man-salatiga""]",,belum_diperiksa_individual,False,perkiraan,29876794,2026-09-18
W29876794-r409c6,22 September 2025,2025-09-22,2025,9,tanggal,Jawa Tengah,Banyumas,TK | SDN Kediri | SDN Pangebatan,408 Siswa,408,angka_literal,3,1,https://regional.kompas.com/read/2025/09/29/125310878/dugaan-keracunan-mbg-di-banyumas-korban-bertambah-jadi-408-siswa,"[""https://regional.kompas.com/read/2025/09/29/125310878/dugaan-keracunan-mbg-di-banyumas-korban-bertambah-jadi-408-siswa""]",,belum_diperiksa_individual,True,,29876794,2026-09-18
W29876794-r146c6,23 September 2025,2025-09-23,2025,9,tanggal,Kalimantan Barat,Ketapang,SDN 12 Benua Kayong,25 Siswa,25,angka_literal,1,1,https://regional.kompas.com/read/2025/09/24/213525178/korban-keracunan-mbg-di-ketapang-bertambah-jadi-25-orang-dapur-ditutup,"[""https://regional.kompas.com/read/2025/09/24/213525178/korban-keracunan-mbg-di-ketapang-bertambah-jadi-25-orang-dapur-ditutup""]",,belum_diperiksa_individual,True,,29876794,2026-09-18
W29876794-r200c6,23 September 2025,2025-09-23,2025,9,tanggal,DKI Jakarta,Jakarta Utara,SMAN 15 Jakarta,7 Siswa,7,angka_literal,1,1,https://news.republika.co.id/berita/t31pal484/tujuh-siswa-sman-15-jakarta-alami-gejala-keracunan-usai-santap-mbg,"[""https://news.republika.co.id/berita/t31pal484/tujuh-siswa-sman-15-jakarta-alami-gejala-keracunan-usai-santap-mbg""]",,belum_diperiksa_individual,True,,29876794,2026-09-18
W29876794-r396c6,23 September 2025,2025-09-23,2025,9,tanggal,Jawa Tengah,Jepara,TK Melati Banjaran | Kelompok Bermain Darul Karomah Srikandang | MI Matholiul Huda Srikandang | SDN 1 Banjaran,35 Siswa,35,angka_literal,4,1,https://www.suaramerdeka.com/jawa-tengah/0416003607/kasus-keracunan-di-jepara-program-makan-bergizi-gratis-tetap-jalan-pengawasan-diperketat,"[""https://www.suaramerdeka.com/jawa-tengah/0416003607/kasus-keracunan-di-jepara-program-makan-bergizi-gratis-tetap-jalan-pengawasan-diperketat""]",,belum_diperiksa_individual,True,,29876794,2026-09-18
W29876794-r62c6,23 September 2025,2025-09-23,2025,9,tanggal,Sumatera Selatan,Ogan Komering Ulu,SMPN 9 Ogan Komering Ulu,12 Siswa,12,angka_literal,1,1,https://sumsel.idntimes.com/news/sumatera-selatan/belasan-siswa-smp-di-oku-dilarikan-ke-puskesmas-diduga-keracunan-mbg-c1c2-01-fzf3x-vxzcjc,"[""https://sumsel.idntimes.com/news/sumatera-selatan/belasan-siswa-smp-di-oku-dilarikan-ke-puskesmas-diduga-keracunan-mbg-c1c2-01-fzf3x-vxzcjc""]",,belum_diperiksa_individual,True,,29876794,2026-09-18
W29876794-r268c6,24 September 2025,2025-09-24,2025,9,tanggal,Jawa Barat,Sukabumi,SMK Doa Bangsa,32 Siswa,32,angka_literal,1,1,https://bandung.kompas.com/read/2025/09/25/111248678/32-pelajar-di-pelabuhanratu-sukabumi-diduga-keracunan-mbg,"[""https://bandung.kompas.com/read/2025/09/25/111248678/32-pelajar-di-pelabuhanratu-sukabumi-diduga-keracunan-mbg""]",,belum_diperiksa_individual,True,,29876794,2026-09-18
W29876794-r404c6,24 September 2025,2025-09-24,2025,9,tanggal,Jawa Tengah,Rembang,SMPN 1 Kragan,173 Siswa,173,angka_literal,1,1,https://regional.kompas.com/read/2025/09/24/164242578/173-siswa-smp-di-rembang-diduga-keracunan-mbg-13-orang-harus-rawat-inap,"[""https://regional.kompas.com/read/2025/09/24/164242578/173-siswa-smp-di-rembang-diduga-keracunan-mbg-13-orang-harus-rawat-inap""]",,belum_diperiksa_individual,True,,29876794,2026-09-18
W29876794-r537c6,24 September 2025,2025-09-24,2025,9,tanggal,Jawa Timur,Bojonegoro,SDN Semanding,7 Siswa,7,angka_literal,1,1,https://surabaya.kompas.com/read/2025/09/24/201250978/7-siswa-sd-diduga-keracunan-mbg-di-bojonegoro-4-di-antaranya-dirujuk-ke-igd,"[""https://surabaya.kompas.com/read/2025/09/24/201250978/7-siswa-sd-diduga-keracunan-mbg-di-bojonegoro-4-di-antaranya-dirujuk-ke-igd""]",,belum_diperiksa_individual,True,,29876794,2026-09-18
W29876794-r545c6,24 September 2025,2025-09-24,2025,9,tanggal,Jawa Timur,Tuban,SMKN 1 Palang,6 Siswa,6,angka_literal,1,1,https://www.kompas.com/jawa-timur/read/2025/09/24/203000788/6-siswa-smk-di-tuban-diduga-keracunan-mbg-satu-murid-sempat-muntah,"[""https://www.kompas.com/jawa-timur/read/2025/09/24/203000788/6-siswa-smk-di-tuban-diduga-keracunan-mbg-satu-murid-sempat-muntah""]",,belum_diperiksa_individual,True,,29876794,2026-09-18
W29876794-r671c6,24 September 2025,2025-09-24,2025,9,tanggal,Nusa Tenggara Barat,Lombok Barat,MTS (Spesifik tidak disebutkan),26 Santri,26,angka_literal,1,1,https://www.detik.com/bali/nusra/d-8129652/26-santri-ponpes-di-lombok-barat-keracunan-setelah-30-menit-santap-mbg,"[""https://www.detik.com/bali/nusra/d-8129652/26-santri-ponpes-di-lombok-barat-keracunan-setelah-30-menit-santap-mbg""]",,belum_diperiksa_individual,True,,29876794,2026-09-18
W29876794-r690c6,24 September 2025,2025-09-24,2025,9,tanggal,Nusa Tenggara Timur,Kota Kupang,SD Inpres Liliba,11 Siswa,11,angka_literal,1,1,https://regional.kompas.com/read/2025/09/24/161744578/diduga-keracunan-mbg-11-siswa-sd-di-kupang-dilarikan-ke-rumah-sakit,"[""https://regional.kompas.com/read/2025/09/24/161744578/diduga-keracunan-mbg-11-siswa-sd-di-kupang-dilarikan-ke-rumah-sakit""]",,belum_diperiksa_individual,True,,29876794,2026-09-18
W29876794-r736c6,24 September 2025,2025-09-24,2025,9,tanggal,Sulawesi Barat,Mamuju,SDN Taan Galung | SMP Negeri 1 Tapalang,25 Siswa,25,angka_literal,2,1,https://regional.kompas.com/read/2025/09/25/133740178/imbas-25-siswa-keracunan-dapur-mbg-di-mamuju-ditutup-sementara,"[""https://regional.kompas.com/read/2025/09/25/133740178/imbas-25-siswa-keracunan-dapur-mbg-di-mamuju-ditutup-sementara""]",,belum_diperiksa_individual,True,,29876794,2026-09-18
W29876794-r150c6,25 September 2025,2025-09-25,2025,9,tanggal,Kalimantan Barat,Sanggau,MIS Al-Wardah,6 Siswa,6,angka_literal,1,1,https://www.detik.com/kalimantan/berita/d-8130024/siswa-di-sanggau-keracunan-satgas-mbg-turunkan-tim-investigasi,"[""https://www.detik.com/kalimantan/berita/d-8130024/siswa-di-sanggau-keracunan-satgas-mbg-turunkan-tim-investigasi""]",,belum_diperiksa_individual,True,,29876794,2026-09-18
W29876794-r170c6,25 September 2025,2025-09-25,2025,9,tanggal,Kalimantan Timur,Kota Balikpapan,SMKN 3 Balikpapan,5 Siswa,5,angka_literal,1,1,https://kaltim.idntimes.com/news/kalimantan-timur/dugaan-keracunan-mbg-di-balikpapan-sampel-dikirim-ke-bpom-samarinda-00-htmy4-92b081,"[""https://kaltim.idntimes.com/news/kalimantan-timur/dugaan-keracunan-mbg-di-balikpapan-sampel-dikirim-ke-bpom-samarinda-00-htmy4-92b081""]",,belum_diperiksa_individual,True,,29876794,2026-09-18
W29876794-r201c6,25 September 2025,2025-09-25,2025,9,tanggal,DKI Jakarta,Jakarta Timur,SDN 07 Pulogebang,6 Siswa,6,angka_literal,1,1,https://megapolitan.kompas.com/read/2025/09/25/13450971/kronologi-6-siswa-sdn-07-pulogebang-alami-mual-dan-muntah-usai-santap-mbg,"[""https://megapolitan.kompas.com/read/2025/09/25/13450971/kronologi-6-siswa-sdn-07-pulogebang-alami-mual-dan-muntah-usai-santap-mbg""]",,belum_diperiksa_individual,True,,29876794,2026-09-18
W29876794-r221c6,25 September 2025,2025-09-25,2025,9,tanggal,Jawa Barat,Cianjur,SDN Taruna Bakti,30 Siswa,30,angka_literal,1,1,https://bandung.kompas.com/read/2025/09/25/160208478/puluhan-siswa-sd-di-cianjur-alami-gejala-keracunan-usai-santap-mbg,"[""https://bandung.kompas.com/read/2025/09/25/160208478/puluhan-siswa-sd-di-cianjur-alami-gejala-keracunan-usai-santap-mbg""]",,belum_diperiksa_individual,True,,29876794,2026-09-18
W29876794-r325c6,25 September 2025,2025-09-25,2025,9,tanggal,Jawa Barat,Subang,SD Rawalele,11 Siswa,11,angka_literal,1,1,https://www.detik.com/jabar/berita/d-8130733/11-siswa-sd-di-subang-alami-mual-muntah-usai-santap-mbg,"[""https://www.detik.com/jabar/berita/d-8130733/11-siswa-sd-di-subang-alami-mual-muntah-usai-santap-mbg""]",,belum_diperiksa_individual,True,,29876794,2026-09-18
W29876794-r326c6,25 September 2025,2025-09-25,2025,9,tanggal,Jawa Barat,Sumedang,SMK Win Ujungjaya | SMK Rimba Bahari Situraja | SMA Negeri 1 Tomo,164 Siswa,164,angka_literal,3,1,https://www.detik.com/jabar/berita/d-8131647/korban-keracunan-mbg-di-sumedang-capai-164-siswa,"[""https://www.detik.com/jabar/berita/d-8131647/korban-keracunan-mbg-di-sumedang-capai-164-siswa""]",,belum_diperiksa_individual,True,,29876794,2026-09-18
W29876794-r417c6,25 September 2025,2025-09-25,2025,9,tanggal,Jawa Tengah,Kebumen,SDN Tegalretno | Madrasah Wathoniyah Islamiyah,176 Siswa,176,angka_literal,2,1,https://www.detik.com/jateng/berita/d-8133239/26-siswa-di-kebumen-diduga-keracunan-mbg-dipulangkan-dari-rs,"[""https://www.detik.com/jateng/berita/d-8133239/26-siswa-di-kebumen-diduga-keracunan-mbg-dipulangkan-dari-rs""]",,belum_diperiksa_individual,True,,29876794,2026-09-18
W29876794-r548c6,25 September 2025,2025-09-25,2025,9,tanggal,Jawa Timur,Kota Batu,SMPN 1 Kota Batu | SMAN 1 Kota Batu,12 Siswa,12,angka_literal,2,1,https://surabaya.kompas.com/read/2025/09/29/122807778/kepala-smpn-1-batu-ungkap-kronologi-belasan-siswa-sakit-perut-usai-santap,"[""https://surabaya.kompas.com/read/2025/09/29/122807778/kepala-smpn-1-batu-ungkap-kronologi-belasan-siswa-sakit-perut-usai-santap""]",,belum_diperiksa_individual,True,,29876794,2026-09-18
W29876794-r63c6,25 September 2025,2025-09-25,2025,9,tanggal,Sumatera Selatan,Kota Palembang,SDN 178 Palembang,15 Siswa,15,angka_literal,1,1,https://regional.kompas.com/read/2025/09/25/162236478/diduga-usai-santap-mbg-15-murid-sd-di-palembang-mual-dan-muntah,"[""https://regional.kompas.com/read/2025/09/25/162236478/diduga-usai-santap-mbg-15-murid-sd-di-palembang-mual-dan-muntah""]",,belum_diperiksa_individual,True,,29876794,2026-09-18
W29876794-r751c6,25 September 2025,2025-09-25,2025,9,tanggal,Sulawesi Tengah,Parigi Moutong,SMP Negeri 2 Taopa,27 Siswa,27,angka_literal,1,1,https://www.kompas.id/artikel/keracunan-mbg-di-sulawesi-tengah-27-siswa-di-parigi-moutong-dirawat-di-rs,"[""https://www.kompas.id/artikel/keracunan-mbg-di-sulawesi-tengah-27-siswa-di-parigi-moutong-dirawat-di-rs""]",,belum_diperiksa_individual,True,,29876794,2026-09-18
W29876794-r79c6,25 September 2025,2025-09-25,2025,9,tanggal,Kepulauan Riau,Karimun,SMPN 2 Karimun,14 Siswa,14,angka_literal,1,1,https://www.kompas.com/sumatera-selatan/read/2025/09/25/204500088/14-siswa-smp-negeri-2-karimun-diduga-keracunan-mbg-polisi-ambil,"[""https://www.kompas.com/sumatera-selatan/read/2025/09/25/204500088/14-siswa-smp-negeri-2-karimun-diduga-keracunan-mbg-polisi-ambil""]",,belum_diperiksa_individual,True,,29876794,2026-09-18
W29876794-r119c6,26 September 2025,2025-09-26,2025,9,tanggal,Lampung,Lampung Timur,SDN 1 Lehan | SDN 2 Lehan | SDN 1 Sukadana | SD Catur Swako | SMPN PGRI 1 Bumi Agung,41 Siswa,41,angka_literal,5,1,https://lampung.tribunnews.com/lampung/1191560/kondisi-terkini-41-siswa-di-lampung-timur-usai-keracunan-roti-sosis-mbg,"[""https://lampung.tribunnews.com/lampung/1191560/kondisi-terkini-41-siswa-di-lampung-timur-usai-keracunan-roti-sosis-mbg""]",,belum_diperiksa_individual,True,,29876794,2026-09-18
W29876794-r329c6,26 September 2025,2025-09-26,2025,9,tanggal,Jawa Barat,Bogor,SMPN 1 Jonggol,4 Siswa,4,angka_literal,1,1,https://news.detik.com/berita/d-8131586/4-siswa-smp-di-jonggol-bogor-diduga-keracunan-menu-makan-bergizi-gratis,"[""https://news.detik.com/berita/d-8131586/4-siswa-smp-di-jonggol-bogor-diduga-keracunan-menu-makan-bergizi-gratis""]",,belum_diperiksa_individual,True,,29876794,2026-09-18
W29876794-r550c6,26 September 2025,2025-09-26,2025,9,tanggal,Jawa Timur,Jember,SDN 05 Sidomekar,16 Siswa,16,angka_literal,1,1,https://regional.kompas.com/read/2025/09/28/101559678/diduga-keracunan-16-siswa-sd-di-jember-mual-dan-sakit-perut-usai-santap-mbg,"[""https://regional.kompas.com/read/2025/09/28/101559678/diduga-keracunan-16-siswa-sd-di-jember-mual-dan-sakit-perut-usai-santap-mbg""]",,belum_diperiksa_individual,True,,29876794,2026-09-18
W29876794-r791c6,26 September 2025,2025-09-26,2025,9,tanggal,Sulawesi Tenggara,Konawe,siswa SDIT | SMKN 1 Unaaha,16 Siswa,16,angka_literal,2,1,https://regional.kompas.com/read/2025/09/26/183320878/ayam-mbg-bau-dan-rasanya-kecut-belasan-siswa-di-konawe-dilarikan-ke-rs,"[""https://regional.kompas.com/read/2025/09/26/183320878/ayam-mbg-bau-dan-rasanya-kecut-belasan-siswa-di-konawe-dilarikan-ke-rs""]",,belum_diperiksa_individual,True,,29876794,2026-09-18
W29876794-r114c6,29 September 2025,2025-09-29,2025,9,tanggal,Lampung,Lampung Utara,SMAN 4 Kota Bumi,52 Siswa,52,angka_literal,1,1,https://www.detik.com/sumbagsel/berita/d-8138143/52-pelajar-sma-di-lampung-utara-keracunan-mbg-usai-santap-ayam-crispy,"[""https://www.detik.com/sumbagsel/berita/d-8138143/52-pelajar-sma-di-lampung-utara-keracunan-mbg-usai-santap-ayam-crispy""]",,belum_diperiksa_individual,True,,29876794,2026-09-18
W29876794-r139c6,29 September 2025,2025-09-29,2025,9,tanggal,Lampung,Tulang Bawang Barat,SDN 06 Penumangan Lama,8 Siswa,8,angka_literal,1,1,https://lampung.idntimes.com/news/lampung/siswa-sekolah-tubaba-dan-lampura-diduga-keracunan-santap-mbg-00-5h6fh-4dw7l1,"[""https://lampung.idntimes.com/news/lampung/siswa-sekolah-tubaba-dan-lampura-diduga-keracunan-santap-mbg-00-5h6fh-4dw7l1""]",,belum_diperiksa_individual,True,,29876794,2026-09-18
W29876794-r151c6,29 September 2025,2025-09-29,2025,9,tanggal,Kalimantan Barat,Kayong Utara,SMP PGRI 01 Simpang Hilir,9 Siswa,9,angka_literal,1,1,https://www.detik.com/kalimantan/berita/d-8136915/9-pelajar-smp-di-kayong-utara-diduga-keracunan-mbg-muntahan-diuji-lab,"[""https://www.detik.com/kalimantan/berita/d-8136915/9-pelajar-smp-di-kayong-utara-diduga-keracunan-mbg-muntahan-diuji-lab""]",,belum_diperiksa_individual,True,,29876794,2026-09-18
W29876794-r159c6,29 September 2025,2025-09-29,2025,9,tanggal,Kalimantan Tengah,Kota Palangkaraya,SDN 3 Bukit Tunggal,27 Siswa,27,angka_literal,1,1,https://news.detik.com/berita/d-8137416/27-siswa-sd-di-palangka-raya-mual-pusing-usai-santap-burger-mbg,"[""https://news.detik.com/berita/d-8137416/27-siswa-sd-di-palangka-raya-mual-pusing-usai-santap-burger-mbg""]",,belum_diperiksa_individual,True,,29876794,2026-09-18
W29876794-r2c6,29 September 2025,2025-09-29,2025,9,tanggal,Aceh,Aceh Utara,SDN 6 Matangkuli,3 Siswa,3,angka_literal,1,1,https://regional.kompas.com/read/2025/10/03/143203478/3-murid-sd-aceh-utara-mual-dan-muntah-diduga-setelah-makan-mbg,"[""https://regional.kompas.com/read/2025/10/03/143203478/3-murid-sd-aceh-utara-mual-dan-muntah-diduga-setelah-makan-mbg""]",,belum_diperiksa_individual,True,,29876794,2026-09-18
W29876794-r337c6,29 September 2025,2025-09-29,2025,9,tanggal,Jawa Barat,Ciamis,SMPN 4 Pamarican,52 Siswa,52,angka_literal,1,1,https://www.tribunnews.com/nasional/7735011/52-siswa-smpn-4-pamarican-di-ciamis-keracunan-mbg-menu-ayam-dan-labu-diduga-jadi-biang-kerok,"[""https://www.tribunnews.com/nasional/7735011/52-siswa-smpn-4-pamarican-di-ciamis-keracunan-mbg-menu-ayam-dan-labu-diduga-jadi-biang-kerok""]",,belum_diperiksa_individual,True,,29876794,2026-09-18
W29876794-r412c6,29 September 2025,2025-09-29,2025,9,tanggal,Jawa Tengah,Banyumas,SD 1 Sudagaran | SD 2 Sudagaran | SD 3 Sudagaran | SD Muhammadiyah,94 Siswa,94,angka_literal,4,1,https://www.detik.com/jateng/berita/d-8138233/siswa-sd-diduga-keracunan-mbg-spageti-di-banyumas-jadi-94-begini-kondisinya,"[""https://www.detik.com/jateng/berita/d-8138233/siswa-sd-diduga-keracunan-mbg-spageti-di-banyumas-jadi-94-begini-kondisinya""]",,belum_diperiksa_individual,True,,29876794,2026-09-18
W29876794-r80c6,29 September 2025,2025-09-29,2025,9,tanggal,Kepulauan Riau,Kota Batam,SDN 016 Seilekop,18 Siswa,18,angka_literal,1,1,https://batampos.jawapos.com/infokota/2426637580/18-murid-sdn-016-seilekop-batam-keracunan-program-mbg-dihentikan-sementara,"[""https://batampos.jawapos.com/infokota/2426637580/18-murid-sdn-016-seilekop-batam-keracunan-program-mbg-dihentikan-sementara""]",,belum_diperiksa_individual,True,,29876794,2026-09-18
W29876794-r165c6,30 September 2025,2025-09-30,2025,9,tanggal,Kalimantan Utara,Nunukan,"PAUD Ar Rahman, Sei Limau | MI As Adiyah Tapal Batas | SDN 04 Sei Limau | SDN 05 Sei Limau",145 Siswa,145,angka_literal,4,1,https://regional.kompas.com/read/2025/10/02/142025478/keracunan-mbg-di-nunukan-bertambah-jadi-145-anak-telur-rebus-diduga-jadi,"[""https://regional.kompas.com/read/2025/10/02/142025478/keracunan-mbg-di-nunukan-bertambah-jadi-145-anak-telur-rebus-diduga-jadi""]",,belum_diperiksa_individual,True,,29876794,2026-09-18
W29876794-r202c6,30 September 2025,2025-09-30,2025,9,tanggal,DKI Jakarta,Jakarta Timur,SDN 01 Gedong,22 Siswa,22,angka_literal,1,1,https://www.suara.com/news/2025/10/01/144207/korban-keracunan-mbg-di-sdn-gedong-jadi-22-siswa-komnas-pa-kritik-guru-jadi-pencicip-makanan,"[""https://www.suara.com/news/2025/10/01/144207/korban-keracunan-mbg-di-sdn-gedong-jadi-22-siswa-komnas-pa-kritik-guru-jadi-pencicip-makanan""]",,belum_diperiksa_individual,True,,29876794,2026-09-18
W29876794-r288c6,30 September 2025,2025-09-30,2025,9,tanggal,Jawa Barat,Garut,SDN 3 Talagasari | SMPN 1 Kadungora | SMP PGRI Kadungora | SMA Annisa Kadungora,307 Siswa,307,angka_literal,4,1,https://rri.co.id/makan-bergizi-gratis/1879386/keracunan-massal-mbg-di-garut-capai-307-orang,"[""https://rri.co.id/makan-bergizi-gratis/1879386/keracunan-massal-mbg-di-garut-capai-307-orang""]",,belum_diperiksa_individual,True,,29876794,2026-09-18
W29876794-r389c6,30 September 2025,2025-09-30,2025,9,tanggal,Jawa Tengah,Wonogiri,Ponpes Baitul Quran | SMAN 1 Slogohimo,131 Siswa,131,angka_literal,2,1,https://www.detik.com/jateng/berita/d-8151170/ratusan-siswa-dan-santri-di-slogohimo-wonogiri-diduga-keracunan-mbg,"[""https://www.detik.com/jateng/berita/d-8151170/ratusan-siswa-dan-santri-di-slogohimo-wonogiri-diduga-keracunan-mbg""]",,belum_diperiksa_individual,True,,29876794,2026-09-18
W29876794-r419c6,30 September 2025,2025-09-30,2025,9,tanggal,Jawa Tengah,Semarang,SDN 01 Ungaran,20 Siswa,20,angka_literal,1,1,https://regional.kompas.com/read/2025/09/30/142743778/20-siswa-sd-di-ungaran-diduga-keracunan-mbg,"[""https://regional.kompas.com/read/2025/09/30/142743778/20-siswa-sd-di-ungaran-diduga-keracunan-mbg""]",,belum_diperiksa_individual,True,,29876794,2026-09-18
W29876794-r420c6,30 September 2025,2025-09-30,2025,9,tanggal,Jawa Tengah,Temanggung,SMAN 2 Temanggung | SMAN 3 Temanggung,414 Siswa,414,angka_literal,2,1,https://regional.kompas.com/read/2025/10/07/162259678/414-siswa-keracunan-mbg-operasional-sppg-giyanti-temanggung-dihentikan,"[""https://regional.kompas.com/read/2025/10/07/162259678/414-siswa-keracunan-mbg-operasional-sppg-giyanti-temanggung-dihentikan""]",,belum_diperiksa_individual,True,,29876794,2026-09-18
W29876794-r26c6,1 Oktober 2025,2025-10-01,2025,10,tanggal,Sumatera Barat,Agam,TK (Spesifik tidak disebutkan) | SD (Spesifik tidak disebutkan) | MTS (Tidak diumumkan) | SMP (Tidak diumumkan) | TBA (Tidak diumumkan),122 Siswa,122,angka_literal,5,1,https://www.kompas.com/sumatera-barat/read/2025/10/03/181500288/-kronologi-122-korban-keracunan-program-mbg-di-agam-diduga-akibat,"[""https://www.kompas.com/sumatera-barat/read/2025/10/03/181500288/-kronologi-122-korban-keracunan-program-mbg-di-agam-diduga-akibat""]",,belum_diperiksa_individual,True,,29876794,2026-09-18
W29876794-r330c6,1 Oktober 2025,2025-10-01,2025,10,tanggal,Jawa Barat,Bogor,SDN 02 Pasir Angin,3 Siswa,3,angka_literal,1,1,https://www.detik.com/jabar/bisnis/d-8139357/3-dari-107-siswa-sdn-pasir-angin-02-bogor-muntah-usai-santap-mbg,"[""https://www.detik.com/jabar/bisnis/d-8139357/3-dari-107-siswa-sdn-pasir-angin-02-bogor-muntah-usai-santap-mbg""]",,belum_diperiksa_individual,True,,29876794,2026-09-18
W29876794-r339c6,1 Oktober 2025,2025-10-01,2025,10,tanggal,Jawa Barat,Pangandaran,MI Attarbiyah Leuwiliang,8 Siswa,8,angka_literal,1,1,https://www.detik.com/jabar/berita/d-8139574/8-siswa-mi-di-pangandaran-diduga-keracunan-usai-santap-mbg,"[""https://www.detik.com/jabar/berita/d-8139574/8-siswa-mi-di-pangandaran-diduga-keracunan-usai-santap-mbg""]",,belum_diperiksa_individual,True,,29876794,2026-09-18
W29876794-r340c6,1 Oktober 2025,2025-10-01,2025,10,tanggal,Jawa Barat,Kota Banjar,SMPN 3 Banjar,79 Siswa,79,angka_literal,1,1,https://disway.id/read/901860/79-siswa-smp-di-banjar-diduga-keracunan-mbg-41-masih-dirawat,"[""https://disway.id/read/901860/79-siswa-smp-di-banjar-diduga-keracunan-mbg-41-masih-dirawat""]",,belum_diperiksa_individual,True,,29876794,2026-09-18
W29876794-r538c6,1 Oktober 2025,2025-10-01,2025,10,tanggal,Jawa Timur,Bojonegoro,SMAN 1 Kedungadem,544 Siswa,544,angka_literal,1,1,https://beritajatim.com/ratusan-siswa-sman-1-kedungadem-bojonegoro-diduga-keracunan-usai-santap-mbg,"[""https://beritajatim.com/ratusan-siswa-sman-1-kedungadem-bojonegoro-diduga-keracunan-usai-santap-mbg""]",,belum_diperiksa_individual,True,,29876794,2026-09-18
W29876794-r559c6,1 Oktober 2025,2025-10-01,2025,10,tanggal,Jawa Timur,Ngawi,SMK Negeri 1 Sine,51 Siswa,51,angka_literal,1,1,https://radarlawu.jawapos.com/nasional/2206645390/breaking-news-keracunan-massal-mbg-di-smkn-1-sine-ngawi-51-siswa-mual-hingga-kejang-dirujuk-ke-puskesmas,"[""https://radarlawu.jawapos.com/nasional/2206645390/breaking-news-keracunan-massal-mbg-di-smkn-1-sine-ngawi-51-siswa-mual-hingga-kejang-dirujuk-ke-puskesmas""]",,belum_diperiksa_individual,True,,29876794,2026-09-18
W29876794-r560c6,1 Oktober 2025,2025-10-01,2025,10,tanggal,Jawa Timur,Ngawi,MTs Muhammadiyah Sine,5 Siswa,5,angka_literal,1,1,https://www.detik.com/jatim/berita/d-8141008/belum-selesai-keracunan-smkn-1-sine-5-siswi-mts-di-ngawi-alami-mual-mual,"[""https://www.detik.com/jatim/berita/d-8141008/belum-selesai-keracunan-smkn-1-sine-5-siswi-mts-di-ngawi-alami-mual-mual""]",,belum_diperiksa_individual,True,,29876794,2026-09-18
W29876794-r238c6,2 Oktober 2025,2025-10-02,2025,10,tanggal,Jawa Barat,Tasikmalaya,SMK Negeri Cipatujah | SMP Negeri 4 Cipatujah | Pondok Pesantren Nursyamsiah,115 Siswa,115,angka_literal,3,1,https://www.detik.com/jabar/berita/d-8143212/korban-keracunan-mbg-di-tasikmalaya-tembus-115-orang,"[""https://www.detik.com/jabar/berita/d-8143212/korban-keracunan-mbg-di-tasikmalaya-tembus-115-orang""]",,belum_diperiksa_individual,True,,29876794,2026-09-18
W29876794-r341c6,2 Oktober 2025,2025-10-02,2025,10,tanggal,Jawa Barat,Kota Bekasi,SDN Kota Baru 3 Bekasi,6 Siswa,6,angka_literal,1,1,https://megapolitan.kompas.com/read/2025/10/02/16383171/6-siswa-sdn-kota-baru-3-bekasi-diduga-keracunan-usai-santap-mbg,"[""https://megapolitan.kompas.com/read/2025/10/02/16383171/6-siswa-sdn-kota-baru-3-bekasi-diduga-keracunan-usai-santap-mbg""]",,belum_diperiksa_individual,True,,29876794,2026-09-18
W29876794-r539c6,2 Oktober 2025,2025-10-02,2025,10,tanggal,Jawa Timur,Bojonegoro,SD Negeri Tumbrasanom,7 Siswa,7,angka_literal,1,1,https://www.detik.com/jatim/berita/d-8141923/7-siswa-sdn-bojonegoro-dilarikan-ke-puskesmas-diduga-keracunan-mbg,"[""https://www.detik.com/jatim/berita/d-8141923/7-siswa-sdn-bojonegoro-dilarikan-ke-puskesmas-diduga-keracunan-mbg""]",,belum_diperiksa_individual,True,,29876794,2026-09-18
W29876794-r540c6,2 Oktober 2025,2025-10-02,2025,10,tanggal,Jawa Timur,Bojonegoro,MTs Plus Nabawi,6 Siswa,6,angka_literal,1,1,https://blokbojonegoro.com/2025/10/02/dugaan-keracunan-massal-mbg-di-kedungadem-bojonegoro-seluruh-siswa-telah-dipulangkan/,"[""https://blokbojonegoro.com/2025/10/02/dugaan-keracunan-massal-mbg-di-kedungadem-bojonegoro-seluruh-siswa-telah-dipulangkan/""]",,belum_diperiksa_individual,True,,29876794,2026-09-18
W29876794-r258c6,3 Oktober 2025,2025-10-03,2025,10,tanggal,Jawa Barat,Kuningan,SMP 1 Luragung | SMAN 1 Luragung,97 Siswa | 103 Siswa,200,angka_literal,2,2,https://regional.kompas.com/read/2025/10/04/064836178/satu-hari-usai-santap-mbg-ratusan-siswa-di-kuningan-muntah-dan-diare,"[""https://regional.kompas.com/read/2025/10/04/064836178/satu-hari-usai-santap-mbg-ratusan-siswa-di-kuningan-muntah-dan-diare""]",,belum_diperiksa_individual,True,,29876794,2026-09-18
W29876794-r338c6,3 Oktober 2025,2025-10-03,2025,10,tanggal,Jawa Barat,Ciamis,SDN 1 Sindang Sari,10 Siswa,10,angka_literal,1,1,https://jabar.suara.com/read/2025/10/03/184731/lagi-siswa-sd-di-ciamis-keracunan-massal-usai-santap-mbg,"[""https://jabar.suara.com/read/2025/10/03/184731/lagi-siswa-sd-di-ciamis-keracunan-massal-usai-santap-mbg""]",,belum_diperiksa_individual,True,,29876794,2026-09-18
W29876794-r360c6,3 Oktober 2025,2025-10-03,2025,10,tanggal,Jawa Tengah,Karanganyar,TBA ( Tidak disebutkan),168 Siswa,168,angka_literal,1,1,https://regional.kompas.com/read/2025/10/07/165931478/168-siswa-diduga-keracunan-mbg-sppg-popongan-2-karanganyar-dihentikan,"[""https://regional.kompas.com/read/2025/10/07/165931478/168-siswa-diduga-keracunan-mbg-sppg-popongan-2-karanganyar-dihentikan""]",,belum_diperiksa_individual,True,,29876794,2026-09-18
W29876794-r394c6,3 Oktober 2025,2025-10-03,2025,10,tanggal,Jawa Tengah,Kota Salatiga,SMP Negeri 8 Salatiga,192 Siswa,192,angka_literal,1,1,https://harian7.com/2025/10/ratusan-siswa-smpn-8-salatiga-absen-diduga-keracunan-makanan-mbg.html,"[""https://harian7.com/2025/10/ratusan-siswa-smpn-8-salatiga-absen-diduga-keracunan-makanan-mbg.html""]",,belum_diperiksa_individual,True,,29876794,2026-09-18
W29876794-r423c6,3 Oktober 2025,2025-10-03,2025,10,tanggal,Jawa Tengah,Purworejo,SMPN 8 Purworejo | SMAN 3 Purworejo.,134 Siswa,134,angka_literal,2,1,https://regional.kompas.com/read/2025/10/04/105048078/bertambah-lagi-jumlah-korban-keracunan-mbg-di-purworejo-kini-134-orang,"[""https://regional.kompas.com/read/2025/10/04/105048078/bertambah-lagi-jumlah-korban-keracunan-mbg-di-purworejo-kini-134-orang""]",,belum_diperiksa_individual,True,,29876794,2026-09-18
W29876794-r498c6,3 Oktober 2025,2025-10-03,2025,10,tanggal,Daerah Istimewa Yogyakarta,Gunungkidul,SD Negeri 03 Piyaman,6 Siswa,6,angka_literal,1,1,https://www.detik.com/jogja/berita/d-8143427/keracunan-mbg-hari-ini-juga-terjadi-di-gunungkidul,"[""https://www.detik.com/jogja/berita/d-8143427/keracunan-mbg-hari-ini-juga-terjadi-di-gunungkidul""]",,belum_diperiksa_individual,True,,29876794,2026-09-18
W29876794-r699c6,3 Oktober 2025,2025-10-03,2025,10,tanggal,Nusa Tenggara Timur,Timor Tengah Selatan,SD GMIT Soe 2 | SD Oenasi | SD Inpres Soe | SD Advent | Posyandu Kota Baru | Posyandu Bhayangkari | Pasyandu Nonohonis | Posyandu Maleset | SMA Karya | Paud Cendana | TK Et Labora | TK Oenasi,384 Siswa,384,angka_literal,12,1,https://www.tempo.co/politik/bgn-hentikan-operasional-sppg-kota-soe-1-setelah-terjadi-keracunan-mbg-2077551,"[""https://www.tempo.co/politik/bgn-hentikan-operasional-sppg-kota-soe-1-setelah-terjadi-keracunan-mbg-2077551""]",,belum_diperiksa_individual,True,,29876794,2026-09-18
W29876794-r140c6,6 Oktober 2025,2025-10-06,2025,10,tanggal,Lampung,Kabupaten Lampung Tengah,SMA Negeri 1 Punggur,14 Siswa,14,angka_literal,1,1,https://lampung.idntimes.com/news/lampung/belasan-siswa-sma-di-lamteng-diduga-keracunan-mbg-jaksa-turun-tangan-00-5h6fh-5xq1g3,"[""https://lampung.idntimes.com/news/lampung/belasan-siswa-sma-di-lamteng-diduga-keracunan-mbg-jaksa-turun-tangan-00-5h6fh-5xq1g3""]",,belum_diperiksa_individual,True,,29876794,2026-09-18
W29876794-r395c6,6 Oktober 2025,2025-10-06,2025,10,tanggal,Jawa Tengah,Kota Salatiga,TBA (Tidak Disebutkan),12 Siswa,12,angka_literal,1,1,https://solopos.espos.id/imbas-12-pelajar-diduga-keracunan-mbg-sppg-karanganyar-ditutup-2149197,"[""https://solopos.espos.id/imbas-12-pelajar-diduga-keracunan-mbg-sppg-karanganyar-ditutup-2149197""]",,belum_diperiksa_individual,True,,29876794,2026-09-18
W29876794-r33c6,7 Oktober 2025,2025-10-07,2025,10,tanggal,Sumatera Barat,Kota Padang Panjang,SDN 9 Kelurahan Ekor Lubuk | SDN 10 Tabek Gadang | SDN 7 Kelurahan Ganting | SDN 5 Kelurahan Sigando | SMPN 3 Kelurahan Ekor Lubuk | SMKN 2 Kelurahan Ganting,29 Siswa,29,angka_literal,6,1,https://regional.kompas.com/read/2026/01/13/134340278/11-siswa-sd-di-lampung-utara-keracunan-makan-bergizi-gratis-kepsek-ngamuk,"[""https://regional.kompas.com/read/2026/01/13/134340278/11-siswa-sd-di-lampung-utara-keracunan-makan-bergizi-gratis-kepsek-ngamuk""]",rujukan_salah_lokasi,rujukan_tidak_cocok,False,rujukan_salah_lokasi,29876794,2026-09-18
W29876794-r730c6,7 Oktober 2025,2025-10-07,2025,10,tanggal,Gorontalo,Kota Gorontalo,SMK Tridarma,11 Siswa,11,angka_literal,1,1,https://www.hulondalo.id/news/96416054595/11-siswa-smk-tridarma-kota-gorontalo-diduga-keracunan-usai-konsumsi-mbg,"[""https://www.hulondalo.id/news/96416054595/11-siswa-smk-tridarma-kota-gorontalo-diduga-keracunan-usai-konsumsi-mbg""]",,belum_diperiksa_individual,True,,29876794,2026-09-18
W29876794-r380c6,8 Oktober 2025,2025-10-08,2025,10,tanggal,Jawa Tengah,Klaten,SMPN 1 Wedi,49 Siswa,49,angka_literal,1,1,https://www.detik.com/jateng/berita/d-8153672/korban-keracunan-mbg-di-wedi-klaten-bertambah-total-49-siswa,"[""https://www.detik.com/jateng/berita/d-8153672/korban-keracunan-mbg-di-wedi-klaten-bertambah-total-49-siswa""]",,belum_diperiksa_individual,True,,29876794,2026-09-18
W29876794-r178c6,9 Oktober 2025,2025-10-09,2025,10,tanggal,Kalimantan Selatan,Banjar,Sekolah Islam Terpadu Assalam | SD Muhammadiyah | SDN 1 Tungkaran | SDN 1 Pasayangan | SMA IT Assalam,134 Siswa,134,angka_literal,5,1,https://banjarmasin.tribunnews.com/kalsel/1333897/134-pelajar-di-martapura-keracunan-massal-satgas-mbg-banjar-sebut-bukan-keteledoran,"[""https://banjarmasin.tribunnews.com/kalsel/1333897/134-pelajar-di-martapura-keracunan-massal-satgas-mbg-banjar-sebut-bukan-keteledoran""]",,belum_diperiksa_individual,True,,29876794,2026-09-18
W29876794-r222c6,9 Oktober 2025,2025-10-09,2025,10,tanggal,Jawa Barat,Cianjur,Yayasan Raudhatul Muttaqin,16 Siswa,16,angka_literal,1,1,https://cianjurekspres.disway.id/read/19461/kasus-dugaan-keracunan-mbg-terulang-kembali-di-cianjur-16-siswa-jadi-korban,"[""https://cianjurekspres.disway.id/read/19461/kasus-dugaan-keracunan-mbg-terulang-kembali-di-cianjur-16-siswa-jadi-korban""]",,belum_diperiksa_individual,True,,29876794,2026-09-18
W29876794-r361c6,9 Oktober 2025,2025-10-09,2025,10,tanggal,Jawa Tengah,Karanganyar,TK Nglebak 1 | TK Nglebak 2 | SD Negeri 2 Nglebak | SDN 3 Ngeblak | SMP Negeri 1 Tawangmangu,105 Siswa,105,angka_literal,5,1,https://www.klikwarta.com/105-siswa-di-tawangmangu-karanganyar-keracunan-menu-mbg-satu-dapur-sppg-ditutup-sementara,"[""https://www.klikwarta.com/105-siswa-di-tawangmangu-karanganyar-keracunan-menu-mbg-satu-dapur-sppg-ditutup-sementara""]",,belum_diperiksa_individual,True,,29876794,2026-09-18
W29876794-r764c6,11 Oktober 2025,2025-10-11,2025,10,tanggal,Sulawesi Tengah,Banggai,SMAN 1 Moilong,123 Siswa,123,angka_literal,1,1,https://www.kilasbanggai.com/uncategorized/keracunan-mbg-di-moilong-terus-bertambah-tembus-123-siswa-44-orang-rawat-inap/,"[""https://www.kilasbanggai.com/uncategorized/keracunan-mbg-di-moilong-terus-bertambah-tembus-123-siswa-44-orang-rawat-inap/""]",,belum_diperiksa_individual,True,,29876794,2026-09-18
W29876794-r676c6,12 Oktober 2025,2025-10-12,2025,10,tanggal,Nusa Tenggara Barat,Kota Bima,SDN 11 Kota Bima | SDN 42 Kota Bima,23 Siswa,23,angka_literal,2,1,https://www.detik.com/bali/nusra/d-8157046/mbg-makan-korban-lagi-guru-siswa-dua-sd-di-bima-keracunan,"[""https://www.detik.com/bali/nusra/d-8157046/mbg-makan-korban-lagi-guru-siswa-dua-sd-di-bima-keracunan""]",,belum_diperiksa_individual,True,,29876794,2026-09-18
W29876794-r241c6,13 Oktober 2025,2025-10-13,2025,10,tanggal,Jawa Barat,Tasikmalaya,Posyandu Daerah Manonjaya,11 Balita,11,angka_literal,1,1,https://bandung.kompas.com/read/2025/10/14/182839778/balita-di-tasikmalaya-diduga-keracunan-mbg-orangtua-pembagian-siang-dimakan,"[""https://bandung.kompas.com/read/2025/10/14/182839778/balita-di-tasikmalaya-diduga-keracunan-mbg-orangtua-pembagian-siang-dimakan""]",,belum_diperiksa_individual,True,,29876794,2026-09-18
W29876794-r366c6,13 Oktober 2025,2025-10-13,2025,10,tanggal,Jawa Tengah,Karanganyar,SMPN 1 Colomadu,17 Siswa,17,angka_literal,1,1,https://news.detik.com/berita/d-8159232/17-siswa-smp-di-karanganyar-diduga-keracunan-mbg-dilarikan-ke-puskesmas,"[""https://news.detik.com/berita/d-8159232/17-siswa-smp-di-karanganyar-diduga-keracunan-mbg-dilarikan-ke-puskesmas""]",,belum_diperiksa_individual,True,,29876794,2026-09-18
W29876794-r573c6,13 Oktober 2025,2025-10-13,2025,10,tanggal,Jawa Timur,Tulungagung,SDN 1 Tanggung | SMPN 1 Boyolangu,68 Siswa,68,angka_literal,2,1,https://surabaya.kompas.com/read/2025/10/14/130005978/keracunan-mbg-di-tulungagung-bertambah-jadi-68-siswa-kadinkes-dari-awal,"[""https://surabaya.kompas.com/read/2025/10/14/130005978/keracunan-mbg-di-tulungagung-bertambah-jadi-68-siswa-kadinkes-dari-awal""]",,belum_diperiksa_individual,True,,29876794,2026-09-18
W29876794-r665c6,13 Oktober 2025,2025-10-13,2025,10,tanggal,Nusa Tenggara Barat,Lombok Timur,MA Ma'arif Pondok Pesantren Baitul Rahman,51 Santri,51,angka_literal,1,1,https://mataram.antaranews.com/berita/496981/puluhan-santri-di-lotim-diare-diduga-usai-santap-mbg-begini-tanggapan-sppg,"[""https://mataram.antaranews.com/berita/496981/puluhan-santri-di-lotim-diare-diduga-usai-santap-mbg-begini-tanggapan-sppg""]",,belum_diperiksa_individual,True,,29876794,2026-09-18
W29876794-r309c6,14 Oktober 2025 | 15 Oktober 2025,2025-10-14,2025,10,beberapa_tanggal,Jawa Barat,Bandung Barat,SMPN 1 Cisarua | SDN 1 Garuda | SD Negeri 1 Barukai | SMKN 1 Cisarua | SMP Karya Prestasi Mandiri | SMK Widya Karya | pesantren Bani Sulaiman,518 Siswa,518,angka_literal,7,1,https://bandung.kompas.com/read/2025/10/16/135546578/korban-keracunan-mbg-di-bandung-barat-tembus-518-korban-50-siswa-masih,"[""https://bandung.kompas.com/read/2025/10/16/135546578/korban-keracunan-mbg-di-bandung-barat-tembus-518-korban-50-siswa-masih""]",,belum_diperiksa_individual,False,tanggal_beberapa_tanggal,29876794,2026-09-18
W29876794-r546c6,14 Oktober 2025,2025-10-14,2025,10,tanggal,Jawa Timur,Tuban,SMKN Tambakboyo,8 Siswa,8,angka_literal,1,1,https://www.detik.com/jatim/berita/d-8160971/8-siswa-smkn-tambakboyo-tuban-dilarikan-ke-puskesmas-gegara-mbg,"[""https://www.detik.com/jatim/berita/d-8160971/8-siswa-smkn-tambakboyo-tuban-dilarikan-ke-puskesmas-gegara-mbg""]",,belum_diperiksa_individual,True,,29876794,2026-09-18
W29876794-r10c6,15 Oktober 2025,2025-10-15,2025,10,tanggal,Sumatera Utara,Toba,SD Tanding Laguboti | SMPN 1 Laguboti,121 Siswa,121,angka_literal,2,1,https://metrodaily.jawapos.com/sumut/2356723516/121-orang-diduga-keracunan-mbg-di-toba-32-masih-dirawat-di-rs,"[""https://metrodaily.jawapos.com/sumut/2356723516/121-orang-diduga-keracunan-mbg-di-toba-32-masih-dirawat-di-rs""]",,belum_diperiksa_individual,True,,29876794,2026-09-18
W29876794-r367c6,15 Oktober 2025,2025-10-15,2025,10,tanggal,Jawa Tengah,Karanganyar,SMPN 1 Karanganyar,Ratusan siswa,,kualitatif,1,1,https://jateng.harianjogja.com/read/2025/10/16/648/1232160/santap-menu-mbg-ratusan-siswa-smp-di-karanganyar-alami-keracunan,"[""https://jateng.harianjogja.com/read/2025/10/16/648/1232160/santap-menu-mbg-ratusan-siswa-smp-di-karanganyar-alami-keracunan""]",,belum_diperiksa_individual,False,kualitatif,29876794,2026-09-18
W29876794-r509c6,15 Oktober 2025,2025-10-15,2025,10,tanggal,Daerah Istimewa Yogyakarta,Kota Yogyakarta,SMAN 1 Yogyakarta,426 Siswa,426,angka_literal,1,1,https://yogyakarta.kompas.com/read/2025/10/16/141711978/426-siswa-sma-1-yogyakarta-sakit-perut-usai-santap-mbg,"[""https://yogyakarta.kompas.com/read/2025/10/16/141711978/426-siswa-sma-1-yogyakarta-sakit-perut-usai-santap-mbg""]",,belum_diperiksa_individual,True,,29876794,2026-09-18
W29876794-r510c6,15 Oktober 2025,2025-10-15,2025,10,tanggal,Daerah Istimewa Yogyakarta,Kota Yogyakarta,SMA Muhammadiyah 7 Yogyakarta,65 Siswa,65,angka_literal,1,1,https://yogyakarta.kompas.com/read/2025/10/16/175003078/65-siswa-sma-muhammadiyah-7-yogyakarta-diare-usai-santap-mbg-dari-sppg,"[""https://yogyakarta.kompas.com/read/2025/10/16/175003078/65-siswa-sma-muhammadiyah-7-yogyakarta-diare-usai-santap-mbg-dari-sppg""]",,belum_diperiksa_individual,True,,29876794,2026-09-18
W29876794-r533c6,15 Oktober 2025,2025-10-15,2025,10,tanggal,Jawa Timur,Pamekasan,SDN Toronan 1,9 Siswa,9,angka_literal,1,1,https://sekitarjatim.com/2025/10/15/sembilan-siswa-sd-di-pamekasan-diduga-keracunan-makanan-program-bergizi-gratis/,"[""https://sekitarjatim.com/2025/10/15/sembilan-siswa-sd-di-pamekasan-diduga-keracunan-makanan-program-bergizi-gratis/""]",,belum_diperiksa_individual,True,,29876794,2026-09-18
W29876794-r331c6,16 Oktober 2025,2025-10-16,2025,10,tanggal,Jawa Barat,Bogor,SDN Ciangsana 02 Bogor,7 Siswa,7,angka_literal,1,1,https://bandung.kompas.com/read/2025/10/17/222324678/diduga-keracunan-mbg-7-siswa-sdn-ciangsana-02-bogor-mual-dan-muntah,"[""https://bandung.kompas.com/read/2025/10/17/222324678/diduga-keracunan-mbg-7-siswa-sdn-ciangsana-02-bogor-mual-dan-muntah""]",,belum_diperiksa_individual,True,,29876794,2026-09-18
W29876794-r242c6,17 Oktober 2025,2025-10-17,2025,10,tanggal,Jawa Barat,Tasikmalaya,SDN Margamulya,13 Siswa,13,angka_literal,1,1,https://bandung.kompas.com/read/2025/10/17/163905178/13-siswa-sd-di-tasikmalaya-diduga-keracunan-mbg-menu-nasi-goreng-guru,"[""https://bandung.kompas.com/read/2025/10/17/163905178/13-siswa-sd-di-tasikmalaya-diduga-keracunan-mbg-menu-nasi-goreng-guru""]",,belum_diperiksa_individual,True,,29876794,2026-09-18
W29876794-r579c6,17 Oktober 2025,2025-10-17,2025,10,tanggal,Jawa Timur,Magetan,SDN 2 Kediren | MI Nurul Dholam,12 Siswa,12,angka_literal,2,1,https://jatim.idntimes.com/news/jawa-timur/usai-santap-mbg-12-siswa-sd-di-magetan-dilarikan-ke-puskesmas-c1c2-01-33lrd-5rwtlj,"[""https://jatim.idntimes.com/news/jawa-timur/usai-santap-mbg-12-siswa-sd-di-magetan-dilarikan-ke-puskesmas-c1c2-01-33lrd-5rwtlj""]",,belum_diperiksa_individual,True,,29876794,2026-09-18
W29876794-r666c6,17 Oktober 2025,2025-10-17,2025,10,tanggal,Nusa Tenggara Barat,Lombok Timur,SMP Islam Terpadu Lukman Hakim Pohgading,23 Siswa,23,angka_literal,1,1,https://lombok.tribunnews.com/ntb/94732/dikes-cari-penyebab-puluhan-siswi-di-lombok-timur-diduga-keracunan-mbg,"[""https://lombok.tribunnews.com/ntb/94732/dikes-cari-penyebab-puluhan-siswi-di-lombok-timur-diduga-keracunan-mbg""]",,belum_diperiksa_individual,True,,29876794,2026-09-18
W29876794-r802c6,20 Oktober 2025 | 21 Oktober 2025,2025-10-20,2025,10,beberapa_tanggal,Maluku,Seram Bagian Barat,TK Cemara | SD Inpres Talaga Ratu | MIN 2 Seram Bagian Barat | SMA Negeri 1 kairatu,236 Siswa,236,angka_literal,4,1,https://rakyatmaluku.fajar.co.id/2025/10/23/polres-sbb-periksa-14-pengelola-dapur-usut-penyebab-236-siswa-keracunan-mbg/,"[""https://rakyatmaluku.fajar.co.id/2025/10/23/polres-sbb-periksa-14-pengelola-dapur-usut-penyebab-236-siswa-keracunan-mbg/""]",,belum_diperiksa_individual,False,tanggal_beberapa_tanggal,29876794,2026-09-18
W29876794-r183c6,21 Oktober 2025,2025-10-21,2025,10,tanggal,Kalimantan Selatan,Kota Banjarmasin,SMPN 33 Banjarmasin,40 Siswa,40,angka_literal,1,1,https://www.detik.com/kalimantan/berita/d-8170946/puluhan-siswa-smpn-33-banjarmasin-diduga-keracunan-mbg,"[""https://www.detik.com/kalimantan/berita/d-8170946/puluhan-siswa-smpn-33-banjarmasin-diduga-keracunan-mbg""]",,belum_diperiksa_individual,True,,29876794,2026-09-18
W29876794-r738c6,21 Oktober 2025,2025-10-21,2025,10,tanggal,Sulawesi Barat,Mamuju,MTS Darus Qur’an Nur Hadis Nahdatul Waton Gentungan,25 Siswa dan 1 Balita,26,angka_literal,1,1,https://regional.kompas.com/read/2025/10/23/155851478/siswa-mts-di-mamuju-yang-keracunan-mbg-bertambah-jadi-25-orang-dinkes,"[""https://regional.kompas.com/read/2025/10/23/155851478/siswa-mts-di-mamuju-yang-keracunan-mbg-bertambah-jadi-25-orang-dinkes""]",,belum_diperiksa_individual,True,,29876794,2026-09-18
W29876794-r342c6,22 Oktober 2025,2025-10-22,2025,10,tanggal,Jawa Barat,Kota Cirebon,SDN Kesenden,13 Siswa,13,angka_literal,1,1,https://suaracirebon.com/2025/10/24/13-murid-sdn-kesenden-cirebon-diduga-keracunan-mbg/,"[""https://suaracirebon.com/2025/10/24/13-murid-sdn-kesenden-cirebon-diduga-keracunan-mbg/""]",,belum_diperiksa_individual,True,,29876794,2026-09-18
W29876794-r316c6,23 Oktober 2025,2025-10-23,2025,10,tanggal,Jawa Barat,Bandung Barat,SMPN 1 Lembang,30 Siswa,30,angka_literal,1,1,https://rejabar.republika.co.id/berita/t4l7g2512/lagi-keracunan-terjadi-usai-konsumsi-mbg-di-bandung-barat-korban-puluhan-siswa,"[""https://rejabar.republika.co.id/berita/t4l7g2512/lagi-keracunan-terjadi-usai-konsumsi-mbg-di-bandung-barat-korban-puluhan-siswa""]",,belum_diperiksa_individual,True,,29876794,2026-09-18
W29876794-r581c6,23 Oktober 2025,2025-10-23,2025,10,tanggal,Jawa Timur,Banyuwangi,MAN 1 Banyuwangi,112 Siswa,112,angka_literal,1,1,https://seblang.com/bencana/dugaan-keracunan-massal-mbg-112-siswa-man-1-banyuwangi-terserang-diare/,"[""https://seblang.com/bencana/dugaan-keracunan-massal-mbg-112-siswa-man-1-banyuwangi-terserang-diare/""]",,belum_diperiksa_individual,True,,29876794,2026-09-18
W29876794-r585c6,23 Oktober 2025,2025-10-23,2025,10,tanggal,Jawa Timur,Malang,MTs Al-Khalifah,38 Siswa,38,angka_literal,1,1,https://radarmalang.jawapos.com/kabupaten-malang/816855702/sebanyak-38-siswa-mts-al-khalifah-keracunan-setelah-mengonsumsi-mbg-berdasar-hasil-uji-laboratorium-ditemukan-zat-nitrit-dan-bakteri-e-coli,"[""https://radarmalang.jawapos.com/kabupaten-malang/816855702/sebanyak-38-siswa-mts-al-khalifah-keracunan-setelah-mengonsumsi-mbg-berdasar-hasil-uji-laboratorium-ditemukan-zat-nitrit-dan-bakteri-e-coli""]",,belum_diperiksa_individual,True,,29876794,2026-09-18
W29876794-r487c6,24 Oktober 2025,2025-10-24,2025,10,tanggal,Daerah Istimewa Yogyakarta,Sleman,SD Jombor Lor | SMP Negeri 2 Mlati | MAN 3 Yogyakarta,300 Siswa,300,angka_literal,3,1,https://jogja.suara.com/read/2025/10/24/125019/terjadi-lagi-ratusan-siswa-di-sleman-diare-dan-pusing-massal-setelah-santap-mbg,"[""https://jogja.suara.com/read/2025/10/24/125019/terjadi-lagi-ratusan-siswa-di-sleman-diare-dan-pusing-massal-setelah-santap-mbg""]",,belum_diperiksa_individual,True,,29876794,2026-09-18
W29876794-r582c6,24 Oktober 2025,2025-10-24,2025,10,tanggal,Jawa Timur,Banyuwangi,SMPN 3 Kalipuro | MA Nurul Khairoh | SMA NU Gombengsari,133 Siswa,133,angka_literal,3,1,https://surabaya.kompas.com/read/2025/10/29/161955078/siswa-korban-keracunan-mbg-di-kalipuro-banyuwangi-bertambah-jadi-133-orang,"[""https://surabaya.kompas.com/read/2025/10/29/161955078/siswa-korban-keracunan-mbg-di-kalipuro-banyuwangi-bertambah-jadi-133-orang""]",,belum_diperiksa_individual,True,,29876794,2026-09-18
W29876794-r317c6,28 Oktober 2025,2025-10-28,2025,10,tanggal,Jawa Barat,Bandung Barat,SDN 1 Cibodas | SDN 2 Cibodas | SDN 1 Sutenjaya | SDN Buahbatu | SMPN 4 Lembang | SMK Putra Nasional Cibodas,236 Siswa,236,angka_literal,6,1,https://www.koran-gala.id/news/58716170691/dapur-sppg-cibodas-2-ditutup-sementara-imbas-kasus-keracunan-mbg-yang-mencapai-236-korban-di-lembang,"[""https://www.koran-gala.id/news/58716170691/dapur-sppg-cibodas-2-ditutup-sementara-imbas-kasus-keracunan-mbg-yang-mencapai-236-korban-di-lembang""]",,belum_diperiksa_individual,True,,29876794,2026-09-18
W29876794-r499c6,28 Oktober 2025,2025-10-28,2025,10,tanggal,Daerah Istimewa Yogyakarta,Gunungkidul,SMPN 1 Saptosari | SMKN 1 Saptosari,695 Siswa,695,angka_literal,2,1,https://yogyakarta.kompas.com/read/2025/10/29/151239178/hampir-700-anak-dari-2-sekolah-diduga-keracunan-mbg-di-gunungkidul,"[""https://yogyakarta.kompas.com/read/2025/10/29/151239178/hampir-700-anak-dari-2-sekolah-diduga-keracunan-mbg-di-gunungkidul""]",,belum_diperiksa_individual,True,,29876794,2026-09-18
W29876794-r210c6,29 Oktober 2025,2025-10-29,2025,10,tanggal,DKI Jakarta,Jakarta Barat,SDN Meruya Selatan 01,20 Siswa,20,angka_literal,1,1,https://indonesia.jakartadaily.id/ekonomi-bisnis/69316182933/sdn-meruya-selatan-01-hentikan-sementara-program-mbg-20-siswa-diduga-keracunan,"[""https://indonesia.jakartadaily.id/ekonomi-bisnis/69316182933/sdn-meruya-selatan-01-hentikan-sementara-program-mbg-20-siswa-diduga-keracunan""]",,belum_diperiksa_individual,True,,29876794,2026-09-18
W29876794-r501c6,29 Oktober 2025,2025-10-29,2025,10,tanggal,Daerah Istimewa Yogyakarta,Gunungkidul,SD Sumbergiri | SDN Mendak 1 | SMPN 1 Ponjong | SMA Pembangunan 3 Ponjong | SMK Ma'Arif | SMK Muhammadiyah,121 Siswa,121,angka_literal,6,1,https://jogja.tribunnews.com/diy/1198649/lagi-kasus-dugaan-keracunan-mbg-menimpa-121-siswa-di-ponjong-gunungkidul,"[""https://jogja.tribunnews.com/diy/1198649/lagi-kasus-dugaan-keracunan-mbg-menimpa-121-siswa-di-ponjong-gunungkidul""]",,belum_diperiksa_individual,True,,29876794,2026-09-18
W29876794-r12c6,31 Oktober 2025,2025-10-31,2025,10,tanggal,Sumatera Utara,Nias Utara,SD 071027 Onozitoli Sawo,26 Siswa,26,angka_literal,1,1,https://nias.wahananews.co/utama/puluhan-pelajar-sd-di-nias-utara-sakit-perut-dan-sesak-nafas-usai-konsumsi-susu-mbg-jCP43JM5vs/3,"[""https://nias.wahananews.co/utama/puluhan-pelajar-sd-di-nias-utara-sakit-perut-dan-sesak-nafas-usai-konsumsi-susu-mbg-jCP43JM5vs/3""]",,belum_diperiksa_individual,True,,29876794,2026-09-18
W29876794-r358c6,31 Oktober 2025,2025-10-31,2025,10,tanggal,Jawa Tengah,Batang,SMK Kandeman,800 Siswa,800,perkiraan_terverifikasi,1,1,https://www.genpi.co/berita/268438/diduga-keracunan-mbg-800-siswa-smk-kandeman-batang-alami-diare,"[""https://www.genpi.co/berita/268438/diduga-keracunan-mbg-800-siswa-smk-kandeman-batang-alami-diare""]",,sekitar_800_menurut_ANTARA,False,perkiraan_terverifikasi,29876794,2026-09-18
W29876794-r511c6,31 Oktober 2025,2025-10-31,2025,10,tanggal,Daerah Istimewa Yogyakarta,Bantul,SD 2 Bakulan | SMPN 1 jetis | SMPN 3 Jetis | SMP Muhammadiyah Pulokasang | SMAN 1 Jetis,237 Siswa,237,angka_literal,5,1,https://radarjogja.jawapos.com/bantul/656789640/237-siswa-dari-lima-sekolah-di-kabupaten-bantul-diduga-keracunan-mbg-keluhannya-diare-hingga-sakit-perut,"[""https://radarjogja.jawapos.com/bantul/656789640/237-siswa-dari-lima-sekolah-di-kabupaten-bantul-diduga-keracunan-mbg-keluhannya-diare-hingga-sakit-perut""]",,belum_diperiksa_individual,True,,29876794,2026-09-18
W29876794-r678c6,31 Oktober 2025,2025-10-31,2025,10,tanggal,Nusa Tenggara Barat,Sumbawa Barat,Pondok Pesantren Himatul Ummah | SMPN 4 Brang Rea,71 Siswa,71,angka_literal,2,1,https://www.postkotantb.com/2025/11/71-santri-dan-siswa-di-brang-rea-ksb.html,"[""https://www.postkotantb.com/2025/11/71-santri-dan-siswa-di-brang-rea-ksb.html""]",,belum_diperiksa_individual,True,,29876794,2026-09-18
W29876794-r507c6,3 November 2025,2025-11-03,2025,11,tanggal,Daerah Istimewa Yogyakarta,Gunungkidul,TBA (Tidak disebutkan),547 Siswa,547,angka_literal,1,1,https://joglosemarnews.com/2025/11/547-siswa-di-gunungkidul-keracunan-usai-makan-menu-mbg-dapur-masih-jalan-terus/,"[""https://joglosemarnews.com/2025/11/547-siswa-di-gunungkidul-keracunan-usai-makan-menu-mbg-dapur-masih-jalan-terus/""]",,belum_diperiksa_individual,True,,29876794,2026-09-18
W29876794-r152c6,4 November 2025,2025-11-04,2025,11,tanggal,Kalimantan Barat,Kapuas Hulu,SD Tahfiz Al-Hidayah | SDN 1 Kedamin,19 Siswa,19,angka_literal,2,1,https://pontianak.tribunnews.com/kalbar/1148709/19-anak-jadi-korban-keracunan-mbg-kapuas-hulu-kalbar-dapur-sppg-yayasan-media-insan-ditutup,"[""https://pontianak.tribunnews.com/kalbar/1148709/19-anak-jadi-korban-keracunan-mbg-kapuas-hulu-kalbar-dapur-sppg-yayasan-media-insan-ditutup""]",,belum_diperiksa_individual,True,,29876794,2026-09-18
W29876794-r343c6,4 November 2025,2025-11-04,2025,11,tanggal,Jawa Barat,Cirebon,SDN 2 Setu Wetan,20 Siswa,20,angka_literal,1,1,https://www.detik.com/jabar/cirebon-raya/d-8193968/20-siswa-sd-di-cirebon-keracunan-soto-mbg-polisi-dinkes-turun-tangan,"[""https://www.detik.com/jabar/cirebon-raya/d-8193968/20-siswa-sd-di-cirebon-keracunan-soto-mbg-polisi-dinkes-turun-tangan""]",,belum_diperiksa_individual,True,,29876794,2026-09-18
W29876794-r64c6,5 November 2025,2025-11-05,2025,11,tanggal,Sumatera Selatan,Kota Palembang,Pondok Pesantren Ma’had Zaadul Ma’ad,20 Santri,20,angka_literal,1,1,https://harianmuba.disway.id/utama/read/665577/diduga-keracunan-menu-mbg-20-santri-ponpes-zaadul-maad-palembang-sempat-dilarikan-ke-klinik,"[""https://harianmuba.disway.id/utama/read/665577/diduga-keracunan-menu-mbg-20-santri-ponpes-zaadul-maad-palembang-sempat-dilarikan-ke-klinik""]",,belum_diperiksa_individual,True,,29876794,2026-09-18
W29876794-r534c6,6 November 2025,2025-11-06,2025,11,tanggal,Jawa Timur,Pamekasan,MTS Al-Ula | MA Al Islamiyah Blumbungan,17 Siswa | 3 Siswa,20,angka_literal,2,2,https://seru.co.id/212890-diduga-keracunan-makan-bergizi-gratis-17-siswa-di-blumbungan-pamekasan-dilarikan-ke-puskesmas,"[""https://seru.co.id/212890-diduga-keracunan-makan-bergizi-gratis-17-siswa-di-blumbungan-pamekasan-dilarikan-ke-puskesmas""]",,belum_diperiksa_individual,True,,29876794,2026-09-18
W29876794-r797c6,6 November 2025,2025-11-06,2025,11,tanggal,Maluku Utara,Kota Ternate,SDN 65 Kota Ternate,25 Siswa,25,angka_literal,1,1,https://www.tandaseru.com/2025/11/06/25-siswa-sd-di-ternate-diduga-keracunan-usai-santap-mbg/,"[""https://www.tandaseru.com/2025/11/06/25-siswa-sd-di-ternate-diduga-keracunan-usai-santap-mbg/""]",,belum_diperiksa_individual,True,,29876794,2026-09-18
W29876794-r798c6,6 November 2025,2025-11-06,2025,11,tanggal,Maluku Utara,Kota Ternate,SD Negeri 56 Jambula,26 Siswa,26,angka_literal,1,1,https://health.detik.com/fotohealth/d-8197840/puluhan-siswa-di-ternate-keracunan-makan-bergizi-gratis-kini-kondisinya-membaik,"[""https://health.detik.com/fotohealth/d-8197840/puluhan-siswa-di-ternate-keracunan-makan-bergizi-gratis-kini-kondisinya-membaik""]",,belum_diperiksa_individual,True,,29876794,2026-09-18
W29876794-r697c6,10 November 2025,2025-11-10,2025,11,tanggal,Nusa Tenggara Timur,Sumba Barat Daya,SMA Manda Elu | SMAK Alfonsus Waitabula,252 Siswa,252,angka_literal,2,1,https://www.metropolitan.id/berita-hari-ini/95316240989/252-siswa-sma-di-ntt-keracunan-massal-setelah-makan-bergizi-gratis-mengeluh-gejala-pusing-dan-mual,"[""https://www.metropolitan.id/berita-hari-ini/95316240989/252-siswa-sma-di-ntt-keracunan-massal-setelah-makan-bergizi-gratis-mengeluh-gejala-pusing-dan-mual""]",,belum_diperiksa_individual,True,,29876794,2026-09-18
W29876794-r323c6,11 November 2025,2025-11-11,2025,11,tanggal,Jawa Barat,Bandung Barat,SMP Bina Karya,21 Siswa,21,angka_literal,1,1,https://www.detik.com/jabar/berita/d-8206996/21-siswa-keracunan-mbg-di-kbb-satu-masih-dirawat,"[""https://www.detik.com/jabar/berita/d-8206996/21-siswa-keracunan-mbg-di-kbb-satu-masih-dirawat""]",,belum_diperiksa_individual,True,,29876794,2026-09-18
W29876794-r81c6,11 November 2025,2025-11-11,2025,11,tanggal,Kepulauan Riau,Kota Batam,MAN 2 Kota Batam,235 Siswa,235,angka_literal,1,1,https://www.merahputih.com/,"[""https://www.merahputih.com/""]",rujukan_hanya_beranda,belum_diperiksa_individual,False,rujukan_hanya_beranda,29876794,2026-09-18
W29876794-r253c6,14 November 2025,2025-11-14,2025,11,tanggal,Jawa Barat,Kota Bogor,SDN 2 Batu Tulis | SDN 3 Batu Tulis | SD Lawang Gintung | SMK PUI Kota Bogor,50 Siswa,50,angka_literal,4,1,https://www.kompas.id/artikel/kasus-berulang-50-murid-keracunan-mbg-di-kota-bogor,"[""https://www.kompas.id/artikel/kasus-berulang-50-murid-keracunan-mbg-di-kota-bogor""]",,belum_diperiksa_individual,True,,29876794,2026-09-18
W29876794-r345c6,17 November 2025,2025-11-17,2025,11,tanggal,Jawa Barat,Kota Sukabumi,MI Al Ihsan,28 Siswa,28,angka_literal,1,1,https://cirebon.tribunnews.com/jabar-region/174997/puluhan-siswa-madrasah-di-kota-sukabumi-diduga-keracunan-seusai-santap-mbg,"[""https://cirebon.tribunnews.com/jabar-region/174997/puluhan-siswa-madrasah-di-kota-sukabumi-diduga-keracunan-seusai-santap-mbg""]",,belum_diperiksa_individual,True,,29876794,2026-09-18
W29876794-r425c6,18 November 2025,2025-11-18,2025,11,tanggal,Jawa Tengah,Magelang,Pondok Pesatren Nurul Ali,112 Santri,112,angka_literal,1,1,https://banyumasekspres.id/112-santri-ponpes-nurul-ali-magelang-alami-keracunan-usai-konsumsi-makanan-mbg/,"[""https://banyumasekspres.id/112-santri-ponpes-nurul-ali-magelang-alami-keracunan-usai-konsumsi-makanan-mbg/""]",,belum_diperiksa_individual,True,,29876794,2026-09-18
W29876794-r154c6,19 November 2025,2025-11-19,2025,11,tanggal,Kalimantan Barat,Landak,SMA Maniamas Ngabang | SMK Maniamas Ngabang | SMA Pelita,53 Siswa,53,angka_literal,3,1,https://pontianak.tribunnews.com/kalbar/1151174/astaga-9-dapur-tak-miliki-slhs-53-murid-smasmk-tumbang-keracunan-massal-dari-dapur-hilir-kantor,"[""https://pontianak.tribunnews.com/kalbar/1151174/astaga-9-dapur-tak-miliki-slhs-53-murid-smasmk-tumbang-keracunan-massal-dari-dapur-hilir-kantor""]",,belum_diperiksa_individual,True,,29876794,2026-09-18
W29876794-r814c6,24 November 2025,2025-11-24,2025,11,tanggal,Papua Barat,Manokwari,SMAN 2 Manokwari,171 Siswa,171,angka_literal,1,1,https://www.beritasatu.com/network/klikpapua/729510/polisi-selidiki-keracunan-171-siswa-sma-2-manokwari-usai-konsumsi-mbg,"[""https://www.beritasatu.com/network/klikpapua/729510/polisi-selidiki-keracunan-171-siswa-sma-2-manokwari-usai-konsumsi-mbg""]",,belum_diperiksa_individual,True,,29876794,2026-09-18
W29876794-r427c6,26 November 2025,2025-11-26,2025,11,tanggal,Jawa Tengah,Blora,SMPN 1 Blora | SMP Katolik Blora | SMP Kristen Blora,810 Siswa,810,angka_literal,3,1,https://berita.murianews.com/zulkifli-fahmi/455559/penyebab-810-siswa-keracunan-mbg-dinkes-blora-makanan-terkontaminasi,"[""https://berita.murianews.com/zulkifli-fahmi/455559/penyebab-810-siswa-keracunan-mbg-dinkes-blora-makanan-terkontaminasi""]",definisi_810_vs_444_tidak_jelas,konflik_definisi_jumlah,False,definisi_810_vs_444_tidak_jelas,29876794,2026-09-18
W29876794-r432c6,26 November 2025,2025-11-26,2025,11,tanggal,Jawa Tengah,Kendal,SMPN 1 Kendal,17 Siswa,17,angka_literal,1,1,https://harianmuria.com/news/17-siswa-smp-kendal-di-rs-puskesmas/,"[""https://harianmuria.com/news/17-siswa-smp-kendal-di-rs-puskesmas/""]",,belum_diperiksa_individual,True,,29876794,2026-09-18
W29876794-r561c6,26 November 2025,2025-11-26,2025,11,tanggal,Jawa Timur,Ngawi,SDN Jenggrik 2 | SDN Jenggrik 6 | SDN Gemarang 5 | SMPN 2 Kedunggalar | SMAN 1 Kedunggalar,87 Siswa,87,angka_literal,5,1,https://memorandum.disway.id/ngawi/read/145178/87-siswa-ngawi-diduga-keracunan-massal-dua-anak-masih-jalani-perawatan,"[""https://memorandum.disway.id/ngawi/read/145178/87-siswa-ngawi-diduga-keracunan-massal-dua-anak-masih-jalani-perawatan""]",,belum_diperiksa_individual,True,,29876794,2026-09-18
W29876794-r65c6,26 November 2025,2025-11-26,2025,11,tanggal,Sumatera Selatan,Kota Palembang,SMAN 2 Palembang,23 Siswa,23,angka_literal,1,1,https://mediabbc.co.id/sppg-di-bawah-sorotan-krisis-tata-kelola-dan-transparansi-mencuat-setelah-puluhan-siswa-sman-2-palembang-sakit-usai-konsumsi-mbg/,"[""https://mediabbc.co.id/sppg-di-bawah-sorotan-krisis-tata-kelola-dan-transparansi-mencuat-setelah-puluhan-siswa-sman-2-palembang-sakit-usai-konsumsi-mbg/""]",,belum_diperiksa_individual,True,,29876794,2026-09-18
W29876794-r714c6,26 November 2025,2025-11-26,2025,11,tanggal,Nusa Tenggara Timur,Ngada,SD Trikora | SD Inpres Waturutu | SDK Regina Pacis,Ratusan Siswa,,kualitatif,3,1,https://timexkupang.fajar.co.id/2025/11/26/breaking-news-ratusan-siswa-dilarikan-ke-rsud-bajawa-usai-santap-mbg/,"[""https://timexkupang.fajar.co.id/2025/11/26/breaking-news-ratusan-siswa-dilarikan-ke-rsud-bajawa-usai-santap-mbg/""]",,belum_diperiksa_individual,False,kualitatif,29876794,2026-09-18
W29876794-r587c6,27 November 2025,2025-11-27,2025,11,tanggal,Jawa Timur,Madiun,SDN Klecorejo | SDN 1 Darmorejo | SDN 2 Kebonagung,49 Siswa,49,angka_literal,3,1,https://jatimnet.com/puluhan-siswa-sd-di-mejayan-madiun-diduga-keracunan-mbg,"[""https://jatimnet.com/puluhan-siswa-sd-di-mejayan-madiun-diduga-keracunan-mbg""]",,belum_diperiksa_individual,True,,29876794,2026-09-18
W29876794-r718c6,27 November 2025,2025-11-27,2025,11,tanggal,Nusa Tenggara Timur,Timur Tengah Utara,PAUD Kensulat | SDK Kefamenanu | SDN Gua Aplasi | SDK Peboko,12 Siswa,12,angka_literal,4,1,https://ttu.inews.id/read/655286/anak-sekolah-di-ttu-diduga-keracunan-mbg-dilarikan-ke-rsud-kefamenanu,"[""https://ttu.inews.id/read/655286/anak-sekolah-di-ttu-diduga-keracunan-mbg-dilarikan-ke-rsud-kefamenanu""]",,belum_diperiksa_individual,True,,29876794,2026-09-18
W29876794-r731c6,27 November 2025,2025-11-27,2025,11,tanggal,Sulawesi Utara,Minahasa Utara,SMPN 2 Airmadidi,182 Siswa dan guru,182,angka_literal,1,1,https://manado.tribunnews.com/minut/1857194/kasus-dugaan-keracunan-makanan-ratusan-siswa-dan-guru-di-minut-bkkbn-sulut-datangi-smpn-2-airmadidi,"[""https://manado.tribunnews.com/minut/1857194/kasus-dugaan-keracunan-makanan-ratusan-siswa-dan-guru-di-minut-bkkbn-sulut-datangi-smpn-2-airmadidi""]",,belum_diperiksa_individual,True,,29876794,2026-09-18
W29876794-r260c6,28 November 2025,2025-11-28,2025,11,tanggal,Jawa Barat,Kuningan,TBA (tidak disebutkan),74 Siswa,74,angka_literal,1,1,https://www.koranmandala.com/daerah/206780/74-siswa-keracunan-usai-konsumsi-menu-mbg-dapur-cigandamekar/,"[""https://www.koranmandala.com/daerah/206780/74-siswa-keracunan-usai-konsumsi-menu-mbg-dapur-cigandamekar/""]",,belum_diperiksa_individual,True,,29876794,2026-09-18
W29876794-r541c6,28 November 2025,2025-11-28,2025,11,tanggal,Jawa Timur,Bojonegoro,Pondok Pesantren Al Falah,30 Santri,30,angka_literal,1,1,https://blokbojonegoro.com/2025/11/29/puluhan-siswa-diduga-keracunan-makanan-kepala-man-1-bojonegoro-pilih-tunggu-hasil-medis,"[""https://blokbojonegoro.com/2025/11/29/puluhan-siswa-diduga-keracunan-makanan-kepala-man-1-bojonegoro-pilih-tunggu-hasil-medis""]",,belum_diperiksa_individual,True,,29876794,2026-09-18
W29876794-r806c6,1 Desember 2025,2025-12-01,2025,12,tanggal,Papua Barat Daya,Raja Ampat,SD YPK Alfa Omega | SDN 29 Raja Ampat | SMP YPK Alfa Omega | SMPN 14 Raja Ampat | MTS Language Insan Mandiri | SMK Bukit Zaitun,86 Siswa,86,angka_literal,6,1,https://www.nabirenews.com/kesehatan/2622005342/kasus-keracunan-mbg-waisai-86-pasien-dirawat-83-sudah-pulih-3-masih-dirawat,"[""https://www.nabirenews.com/kesehatan/2622005342/kasus-keracunan-mbg-waisai-86-pasien-dirawat-83-sudah-pulih-3-masih-dirawat""]",,belum_diperiksa_individual,True,,29876794,2026-09-18
W29876794-r137c6,3 Desember 2025,2025-12-03,2025,12,tanggal,Lampung,Lampung Selatan,SMPN 2 Kalianda,6 Siswa,6,angka_literal,1,1,https://www.infodesanews.com/langkah-cepat-tim-dinkes-lamsel-telusuri-dugaan-keracunan-makanan-mbg-di-smpn-kalianda/,"[""https://www.infodesanews.com/langkah-cepat-tim-dinkes-lamsel-telusuri-dugaan-keracunan-makanan-mbg-di-smpn-kalianda/""]",,belum_diperiksa_individual,True,,29876794,2026-09-18
W29876794-r141c6,3 Desember 2025,2025-12-03,2025,12,tanggal,Lampung,Way Kanan,SMP (Spesifik tidak disebutkan),11 Siswa + 1 Guru,12,angka_literal,1,1,https://cnnnusantara.com/berita-pulau-sumatera/belasan-siswa-dan-guru-keracunan-program-mbg-di-way-kanan-ketua-for-win-desak-polres-usut-tuntas/,"[""https://cnnnusantara.com/berita-pulau-sumatera/belasan-siswa-dan-guru-keracunan-program-mbg-di-way-kanan-ketua-for-win-desak-polres-usut-tuntas/""]",,belum_diperiksa_individual,True,,29876794,2026-09-18
W29876794-r590c6,3 Desember 2025,2025-12-03,2025,12,tanggal,Jawa Timur,Bondowoso,SDN 1 Sukorejo | SDN 2 Sukorejo | SMP (Spesifik tidak disebutkan) | SMA (Spesifik tidak disebutkan),77 Siswa,77,angka_literal,4,1,https://www.detik.com/jatim/berita/d-8241365/77-siswa-di-sumberwringin-bondowoso-diduga-keracunan-mbg,"[""https://www.detik.com/jatim/berita/d-8241365/77-siswa-di-sumberwringin-bondowoso-diduga-keracunan-mbg""]",,belum_diperiksa_individual,True,,29876794,2026-09-18
W29876794-r347c6,4 Desember 2025,2025-12-04,2025,12,tanggal,Jawa Barat,Majalengka,TBA (Tidak disebutkan),42 Orang,42,angka_literal,1,1,https://jabar.tribunnews.com/jabar-region/1157725/bukan-anak-sekolah-keracunan-mbg-di-majalengka-ternyata-timpa-ibu-ibu-hamil,"[""https://jabar.tribunnews.com/jabar-region/1157725/bukan-anak-sekolah-keracunan-mbg-di-majalengka-ternyata-timpa-ibu-ibu-hamil""]",,belum_diperiksa_individual,True,,29876794,2026-09-18
W29876794-r566c6,4 Desember 2025,2025-12-04,2025,12,tanggal,Jawa Timur,Ngawi,Ponpes Absoru Sunah | Ponpes Miftahul Janah | SDN Mantingan 2 | SDN Mantingan 3 | SDN Mantingan 5 | SD (Spesifik tidak disebutkan),220 Siswa,220,angka_literal,6,1,https://beritajatim.com/total-220-siswa-keracunan-mbg-di-ngawi-gagal-ikut-ujian-akhir-semester,"[""https://beritajatim.com/total-220-siswa-keracunan-mbg-di-ngawi-gagal-ikut-ujian-akhir-semester""]",,belum_diperiksa_individual,True,,29876794,2026-09-18
W29876794-r776c6,8 Desember 2025,2025-12-08,2025,12,tanggal,Sulawesi Selatan,Pangkajene dan Kepulauan,SD Negeri 13 Kassiloe | SMP 5 Labakkang | SMA 13 Pangkep Boarding School,74 Siswa,74,angka_literal,3,1,https://jurnalpost.com/keracunan-massal-mbg-di-pangkep-74-siswa-dilarikan-ke-puskesmas-rs/88893/,"[""https://jurnalpost.com/keracunan-massal-mbg-di-pangkep-74-siswa-dilarikan-ke-puskesmas-rs/88893/""]",,belum_diperiksa_individual,True,,29876794,2026-09-18
W29876794-r433c6,11 Desember 2025,2025-12-11,2025,12,tanggal,Jawa Tengah,Grobogan,Desa Putatsari,23 Orang,23,angka_literal,1,1,https://lintasmuria.com/2025/12/13/puluhan-balita-di-grobogan-diduga-keracunan-menu-mbg-pemkab-lapor-bgn/,"[""https://lintasmuria.com/2025/12/13/puluhan-balita-di-grobogan-diduga-keracunan-menu-mbg-pemkab-lapor-bgn/""]",,belum_diperiksa_individual,True,,29876794,2026-09-18
W29876794-r765c6,11 Desember 2025,2025-12-11,2025,12,tanggal,Sulawesi Tengah,Tojo Una-Una,SDN Tampanombo,5 Siswa,5,angka_literal,1,1,https://rri.co.id/palu/daerah/2033850/lima-siswa-tampanombo-diduga-keracunan-usai-konsumsi-mbg,"[""https://rri.co.id/palu/daerah/2033850/lima-siswa-tampanombo-diduga-keracunan-usai-konsumsi-mbg""]",,belum_diperiksa_individual,True,,29876794,2026-09-18
W29876794-r793c6,16 Desember 2025,2025-12-16,2025,12,tanggal,Sulawesi Tenggara,Buton Tengah,Warga Kec. Mawasangka Tengah,117 Orang,117,angka_literal,1,1,https://inilahsultra.com/2025/12/17/117-anak-dan-balita-buteng-keracunan-diduga-usai-konsumsi-mbg/,"[""https://inilahsultra.com/2025/12/17/117-anak-dan-balita-buteng-keracunan-diduga-usai-konsumsi-mbg/""]",,belum_diperiksa_individual,True,,29876794,2026-09-18
W29876794-r442c6,8 Januari 2026,2026-01-08,2026,1,tanggal,Jawa Tengah,Kota Semarang,SMKN 11 Semarang,75 Siswa,75,angka_literal,1,1,https://timesindonesia.co.id/peristiwa-daerah/572774/puluhan-siswa-smkn-11-semarang-alami-gejala-keracunan-usai-santap-makan-bergizi-gratis,"[""https://timesindonesia.co.id/peristiwa-daerah/572774/puluhan-siswa-smkn-11-semarang-alami-gejala-keracunan-usai-santap-makan-bergizi-gratis""]",,belum_diperiksa_individual,True,,29876794,2026-09-18
W29876794-r434c6,10 Januari 2026,2026-01-10,2026,1,tanggal,Jawa Tengah,Grobogan,TK Ngroto | SDN Trisari | SDN Glapan | SDN Penadaran | SMP Miftahul Huda | SMK Miftahul Huda,803 Siswa,803,angka_literal,6,1,https://news.detik.com/berita/d-8305630/803-orang-di-grobogan-diduga-keracunan-mbg-dari-menu-ayam,"[""https://news.detik.com/berita/d-8305630/803-orang-di-grobogan-diduga-keracunan-mbg-dari-menu-ayam""]",,angka_didukung_artikel_diperiksa,True,,29876794,2026-09-18
W29876794-r594c6,10 Januari 2026,2026-01-10,2026,1,tanggal,Jawa Timur,Mojokerto,Ponpes An-Nur | Ponpes Al-Hidayah | SMPN 2 Kutorejo,780 Siswa,780,angka_literal,3,1,https://jatim.suaramerdeka.com/jatim/108816561588/korban-dugaan-keracunan-mbg-di-mojokerto-tembus-780-orang-dispendik-dan-kemenag-buka-data-terbaru?page=2,"[""https://jatim.suaramerdeka.com/jatim/108816561588/korban-dugaan-keracunan-mbg-di-mojokerto-tembus-780-orang-dispendik-dan-kemenag-buka-data-terbaru?page=2""]",,belum_diperiksa_individual,True,,29876794,2026-09-18
W29876794-r115c6,12 Januari 2026,2026-01-12,2026,1,tanggal,Lampung,Lampung Utara,SDN 3 Sindang Sari,11 Siswa,11,angka_literal,1,1,https://regional.kompas.com/read/2026/01/13/134340278/11-siswa-sd-di-lampung-utara-keracunan-makan-bergizi-gratis-kepsek-ngamuk,"[""https://regional.kompas.com/read/2026/01/13/134340278/11-siswa-sd-di-lampung-utara-keracunan-makan-bergizi-gratis-kepsek-ngamuk""]",,belum_diperiksa_individual,True,,29876794,2026-09-18
W29876794-r391c6,12 Januari 2026,2026-01-12,2026,1,tanggal,Jawa Tengah,Wonogiri,TBA (Tidak disebutkan),206 Siswa,206,angka_literal,1,1,https://www.suaramerdeka.com/jawa-tengah/0416564471/korban-keracunan-massal-di-jatisrono-wonogiri-capai-206-siswa-diduga-karena-mbg,"[""https://www.suaramerdeka.com/jawa-tengah/0416564471/korban-keracunan-massal-di-jatisrono-wonogiri-capai-206-siswa-diduga-karena-mbg""]",,belum_diperiksa_individual,True,,29876794,2026-09-18
W29876794-r739c6,12 Januari 2026,2026-01-12,2026,1,tanggal,Sulawesi Barat,Majene,Desa Tubo | Tubo Tengah | Tubo Selatan | Onang Utara | Tubo Poang | Bonde-bonde | Onang,61 Warga,61,angka_literal,7,1,https://sulbar.tribunnews.com/majene/74443/satu-balita-keracunan-mbg-di-majene-dirujuk-ke-mamuju-korban-kini-61-orang,"[""https://sulbar.tribunnews.com/majene/74443/satu-balita-keracunan-mbg-di-majene-dirujuk-ke-mamuju-korban-kini-61-orang""]",,belum_diperiksa_individual,True,,29876794,2026-09-18
W29876794-r444c6,13 Januari 2026,2026-01-13,2026,1,tanggal,Jawa Tengah,Pekalongan,SDN 01 Kedungwuni,15 Siswa,15,angka_literal,1,1,https://radarpekalongan.disway.id/read/108184/diduga-keracunan-mbg-15-pelajar-sdn-1-kedungwuni-sempat-dilarikan-ke-puskesmas-dan-rumah-sakit,"[""https://radarpekalongan.disway.id/read/108184/diduga-keracunan-mbg-15-pelajar-sdn-1-kedungwuni-sempat-dilarikan-ke-puskesmas-dan-rumah-sakit""]",,belum_diperiksa_individual,True,,29876794,2026-09-18
W29876794-r602c6,15 Januari 2026,2026-01-15,2026,1,tanggal,Jawa Timur,Kota Mojokerto,SDN 5 Wates | SDN 6 Wates | SMAN 2 Mojokerto,TBA (Spesifik tidak disebutkan),,tidak_tersedia,3,1,https://radarmojokerto.jawapos.com/berita-terbaru/827085296/diduga-keracunan-mbg-siswa-di-kota-mojokerto-alami-muntah-diare,"[""https://radarmojokerto.jawapos.com/berita-terbaru/827085296/diduga-keracunan-mbg-siswa-di-kota-mojokerto-alami-muntah-diare""]",,belum_diperiksa_individual,False,tidak_tersedia,29876794,2026-09-18
W29876794-r655c6,17 Januari 2026,2026-01-17,2026,1,tanggal,Nusa Tenggara Barat,Lombok Tengah,SDN 1 Darmaji | MI Hidayatuslohin,38 Siswa,38,angka_literal,2,1,https://www.merdeka.com/peristiwa/puluhan-pelajar-di-lombok-tengah-keracunan-usai-konsumsi-susu-program-mbg-522733-mvk.html,"[""https://www.merdeka.com/peristiwa/puluhan-pelajar-di-lombok-tengah-keracunan-usai-konsumsi-susu-program-mbg-522733-mvk.html""]",,belum_diperiksa_individual,True,,29876794,2026-09-18
W29876794-r575c6,20 Januari 2026,2026-01-20,2026,1,tanggal,Jawa Timur,Tulungagung,SMKN 3 Boyolangu,123 Siswa,123,angka_literal,1,1,https://jatim.antaranews.com/berita/1025378/ratusan-siswa-smkn-3-boyolangu-alami-diare-diduga-keracunan-mbg,"[""https://jatim.antaranews.com/berita/1025378/ratusan-siswa-smkn-3-boyolangu-alami-diare-diduga-keracunan-mbg""]",,belum_diperiksa_individual,True,,29876794,2026-09-18
W29876794-r445c6,22 Januari 2026,2026-01-22,2026,1,tanggal,Jawa Tengah,Kota Magelang,SMPN 10 Kota Magelang,75 Siswa dan 5 Guru,80,angka_literal,1,1,https://www.detik.com/jateng/berita/d-8322042/75-siswa-5-guru-smpn-10-kota-magelang-diduga-keracunan-mbg,"[""https://www.detik.com/jateng/berita/d-8322042/75-siswa-5-guru-smpn-10-kota-magelang-diduga-keracunan-mbg""]",,belum_diperiksa_individual,True,,29876794,2026-09-18
W29876794-r576c6,22 Januari 2026,2026-01-22,2026,1,tanggal,Jawa Timur,Tulungagung,SMK Sore Tulungagung,15 Siswa,15,angka_literal,1,1,https://video.tribunnews.com/view/906121/kembali-terjadi-15-siswa-smk-sore-tulungagung-keracunan-mbg-kini-dirawat-seusai-mual-dan-pusing,"[""https://video.tribunnews.com/view/906121/kembali-terjadi-15-siswa-smk-sore-tulungagung-keracunan-mbg-kini-dirawat-seusai-mual-dan-pusing""]",,belum_diperiksa_individual,True,,29876794,2026-09-18
W29876794-r508c6,23 Januari 2026,2026-01-23,2026,1,tanggal,Daerah Istimewa Yogyakarta,Gunungkidul,SMP Muhammadiyah Playen,"48 Siswa, 9 Guru dan 1 Kepala Sekolah",58,angka_literal,1,1,https://yogyakarta.kompas.com/read/2026/01/27/192839378/puluhan-siswa-dan-guru-smp-muhammadiyah-playen-mengeluh-diare-dan-mual,"[""https://yogyakarta.kompas.com/read/2026/01/27/192839378/puluhan-siswa-dan-guru-smp-muhammadiyah-playen-mengeluh-diare-dan-mual""]",,belum_diperiksa_individual,True,,29876794,2026-09-18
W29876794-r76c6,23 Januari 2026,2026-01-23,2026,1,tanggal,Riau,Siak,SMKN 1 Kandis,21 Siswa,21,angka_literal,1,1,https://www.riauonline.co.id/riau/read/2026/01/23/puluhan-siswa-smkn-1-kandis-dilarikan-ke-klinik-usai-santap-mbg-diduga-keracunan,"[""https://www.riauonline.co.id/riau/read/2026/01/23/puluhan-siswa-smkn-1-kandis-dilarikan-ke-klinik-usai-santap-mbg-diduga-keracunan""]",,belum_diperiksa_individual,True,,29876794,2026-09-18
W29876794-r3c6,24 Januari 2026,2026-01-24,2026,1,tanggal,Aceh,Aceh Timur,TBA (Tidak disebutkan),19 Siswa,19,angka_literal,1,1,https://regional.kompas.com/read/2026/01/27/190043678/korban-keracunan-makanan-di-sekolah-cianjur-bertambah-jadi-33-siswa-12-anak,"[""https://regional.kompas.com/read/2026/01/27/190043678/korban-keracunan-makanan-di-sekolah-cianjur-bertambah-jadi-33-siswa-12-anak""]",,belum_diperiksa_individual,True,,29876794,2026-09-18
W29876794-r667c6,26 Januari 2026,2026-01-26,2026,1,tanggal,Nusa Tenggara Barat,Lombok Timur,TBA (Tidak disebutkan),Puluhan siswa,,kualitatif,1,1,https://koran-jakarta.com/2026-01-27/dugaan-keracunan-mbg-di-lombok-timur-dinkes-turunkan-tim-investigasi,"[""https://koran-jakarta.com/2026-01-27/dugaan-keracunan-mbg-di-lombok-timur-dinkes-turunkan-tim-investigasi""]",,belum_diperiksa_individual,False,kualitatif,29876794,2026-09-18
W29876794-r732c6,26 Januari 2026,2026-01-26,2026,1,tanggal,Sulawesi Utara,Kota Tomohon,SMP Kristen 1 Woloan | SMK Negeri 1 Tomohon | SMK Sta. Familia Tomohon | SMA Karitas Tomohon,197 Siswa,197,angka_literal,4,1,https://www.liputan6.com/regional/read/6267651/update-keracunan-massal-mbg-tomohon-64-siswa-masih-jalani-rawat-inap,"[""https://www.liputan6.com/regional/read/6267651/update-keracunan-massal-mbg-tomohon-64-siswa-masih-jalani-rawat-inap""]",,belum_diperiksa_individual,True,,29876794,2026-09-18
W29876794-r223c6,27 Januari 2026,2026-01-27,2026,1,tanggal,Jawa Barat,Cianjur,SDN Wargasari | TBA ( Tidak disebutkan),300 Siswa,300,angka_literal,2,1,https://prfmnews.pikiran-rakyat.com/jawa-barat/pr-139967875/buntut-keracunan-mbg-3-dapur-sppg-di-cianjur-ditutup,"[""https://prfmnews.pikiran-rakyat.com/jawa-barat/pr-139967875/buntut-keracunan-mbg-3-dapur-sppg-di-cianjur-ditutup""]",,belum_diperiksa_individual,True,,29876794,2026-09-18
W29876794-r547c6,27 Januari 2026,2026-01-27,2026,1,tanggal,Jawa Timur,Tuban,SMPN 1 Montong,14 Siswa,14,angka_literal,1,1,https://jatim.tribunnews.com/jatim/531208/mbg-makan-korban-lagi-belasan-siswa-smpn-1-montong-tuban-diduga-keracunan-massal,"[""https://jatim.tribunnews.com/jatim/531208/mbg-makan-korban-lagi-belasan-siswa-smpn-1-montong-tuban-diduga-keracunan-massal""]",,belum_diperiksa_individual,True,,29876794,2026-09-18
W29876794-r124c6,28 Januari 2026,2026-01-28,2026,1,tanggal,Lampung,Lampung Timur,Pondok Pesantren (Spesifik tidak disebutkan) | SD (Spesifik tidak disebutkan) | SMP (Spesifik tidak disebutkan),Ratusan siswa,,kualitatif,3,1,https://medialintastimurnews.com/2026/01/29/terjadi-lagi-di-lamtim-ratusan-anak-diduga-keracunan-usai-santap-mbg/,"[""https://medialintastimurnews.com/2026/01/29/terjadi-lagi-di-lamtim-ratusan-anak-diduga-keracunan-usai-santap-mbg/""]",,belum_diperiksa_individual,False,kualitatif,29876794,2026-09-18
W29876794-r269c6,28 Januari 2026,2026-01-28,2026,1,tanggal,Jawa Barat,Sukabumi,PAUD Al Hadi | SDN Bojong Kopo | SDN Gunung Biru | SDN Loji | SDN Sangrawayang | SDN Cibutun | MA (Spesifik tidak disebutkan,31 Siswa,31,angka_literal,7,1,https://jabar.tribunnews.com/jabar-region/1162793/breaking-news-31-siswa-dan-guru-hamil-keracunan-diduga-tahu-goreng-berjamur-dari-mbg,"[""https://jabar.tribunnews.com/jabar-region/1162793/breaking-news-31-siswa-dan-guru-hamil-keracunan-diduga-tahu-goreng-berjamur-dari-mbg""]",,belum_diperiksa_individual,True,,29876794,2026-09-18
W29876794-r766c6,28 Januari 2026,2026-01-28,2026,1,tanggal,Sulawesi Tengah,Buol,TK Amanah | SDN 1 Bunobogu | SDN 3 Bunobogu | SDN 7 Bunobogu | SMPN 5 Bunobogu,141 Siswa,141,angka_literal,5,1,https://www.detik.com/sulsel/berita/d-8330979/141-siswa-tk-smp-diduga-keracunan-mbg-di-buol-korban-dirawat-di-rs-puskesmas,"[""https://www.detik.com/sulsel/berita/d-8330979/141-siswa-tk-smp-diduga-keracunan-mbg-di-buol-korban-dirawat-di-rs-puskesmas""]",,belum_diperiksa_individual,True,,29876794,2026-09-18
W29876794-r446c6,29 Januari 2026,2026-01-29,2026,1,tanggal,Jawa Tengah,Kudus,SMAN 2 Kudus,600 Siswa,600,angka_literal,1,1,https://www.kompas.tv/regional/647214/600-siswa-sma-di-kudus-keracunan-mbg-118-di-antaranya-dirawat-di-rumah-sakit,"[""https://www.kompas.tv/regional/647214/600-siswa-sma-di-kudus-keracunan-mbg-118-di-antaranya-dirawat-di-rumah-sakit""]",,belum_diperiksa_individual,True,,29876794,2026-09-18
W29876794-r723c6,29 Januari 2026,2026-01-29,2026,1,tanggal,Nusa Tenggara Timur,Manggarai Barat,SDI Golo Welu 2 | SDI Golo Bombong | SMPN 2 Kuwus | SMAN 1 Kuwus | SMKN 1 Kuwus,132 Siswa,132,angka_literal,5,1,https://kumbanews.com/132-siswa-di-manggarai-barat-ntt-keracunan-makan-bergizi-gratis-dapur-mbg-ditutup-sementara/,"[""https://kumbanews.com/132-siswa-di-manggarai-barat-ntt-keracunan-makan-bergizi-gratis-dapur-mbg-ditutup-sementara/""]",,belum_diperiksa_individual,True,,29876794,2026-09-18
W29876794-r779c6,29 Januari 2026,2026-01-29,2026,1,tanggal,Sulawesi Selatan,Pinrang,Pondok Pesantren Al-Mustafa Kanipang,8 Santri,8,angka_literal,1,1,https://beritasulsel.com/baca/diduga-keracunan-mbg-8-santri-pesantren-di-pinrang-dilarikan-ke-puskesmas,"[""https://beritasulsel.com/baca/diduga-keracunan-mbg-8-santri-pesantren-di-pinrang-dilarikan-ke-puskesmas""]",,belum_diperiksa_individual,True,,29876794,2026-09-18
W29876794-r102c6,30 Januari 2026,2026-01-30,2026,1,tanggal,Jambi,Muaro Jambi,TK (Spesifik tidak disebutkan) | SD (Spesifik tidak disebutkan) | SMP (Spesifik tidak disebutkan) | SMA (Spesifik tidak disebutkan),150 Siswa,150,angka_literal,4,1,https://www.jambiseru.com/berita/31/01/korban-keracunan-mbg-di-muaro-jambi-tembus-150-pelajar-puluhan-masih-dirawat-inap,"[""https://www.jambiseru.com/berita/31/01/korban-keracunan-mbg-di-muaro-jambi-tembus-150-pelajar-puluhan-masih-dirawat-inap""]",,belum_diperiksa_individual,True,,29876794,2026-09-18
W29876794-r440c6,30 Januari 2026,2026-01-30,2026,1,tanggal,Jawa Tengah,Grobogan,SDN 2 Pulongrambe | SDN 3 Mayahan,8 Siswa,8,angka_literal,2,1,https://regional.kompas.com/read/2026/01/30/161147778/8-pelajar-sd-di-grobogan-diduga-keracunan-mbg-dilarikan-ke-puskesmas,"[""https://regional.kompas.com/read/2026/01/30/161147778/8-pelajar-sd-di-grobogan-diduga-keracunan-mbg-dilarikan-ke-puskesmas""]",,belum_diperiksa_individual,True,,29876794,2026-09-18
W29876794-r66c6,30 Januari 2026,2026-01-30,2026,1,tanggal,Sumatera Selatan,Kota Palembang,SMPN 31 Palembang,4 Siswa,4,angka_literal,1,1,https://www.merdeka.com/peristiwa/baru-makan-dua-suap-empat-siswa-smp-di-palembang-keracunan-mbg-529726-mvk.html,"[""https://www.merdeka.com/peristiwa/baru-makan-dua-suap-empat-siswa-smp-di-palembang-keracunan-mbg-529726-mvk.html""]",,belum_diperiksa_individual,True,,29876794,2026-09-18
W29876794-r605c6,2 Februari 2026,2026-02-02,2026,2,tanggal,Jawa Timur,Kota Surabaya,SDN 1 Babat Jerawat,27 Siswa,27,angka_literal,1,1,"https://beritanews9.id/diduga-27-siswa-sdn-bajer-1-keracunan-mbg-orang-tua-murid-keluhkan-makanan-basi-di-babat-jerawat/,%20https://beritanews9.id/diduga-27-siswa-sdn-bajer-1-keracunan-mbg-orang-tua-murid-keluhkan-makanan-basi-di-babat-jerawat/","[""https://beritanews9.id/diduga-27-siswa-sdn-bajer-1-keracunan-mbg-orang-tua-murid-keluhkan-makanan-basi-di-babat-jerawat/,%20https://beritanews9.id/diduga-27-siswa-sdn-bajer-1-keracunan-mbg-orang-tua-murid-keluhkan-makanan-basi-di-babat-jerawat/""]",,belum_diperiksa_individual,True,,29876794,2026-09-18
W29876794-r39c6,4 Februari 2026,2026-02-04,2026,2,tanggal,Sumatera Barat,Dharmasraya,SMAN 1 Sungai Rumbai | Pondok Pesantrean,221 Orang,221,angka_literal,2,1,https://padek.jawapos.com/dharmasraya/2367167692/lima-hari-dugaan-keracunan-massal-di-dharmasraya-hasil-uji-lab-belum-diumumkan,"[""https://padek.jawapos.com/dharmasraya/2367167692/lima-hari-dugaan-keracunan-massal-di-dharmasraya-hasil-uji-lab-belum-diumumkan""]",,belum_diperiksa_individual,True,,29876794,2026-09-18
W29876794-r147c6,5 Februari 2026,2026-02-05,2026,2,tanggal,Kalimantan Barat,Ketapang,SMP Negeri 1 Marau | SMA Negeri 1 Marau | SMK Negeri 1 Marau,417 Siswa,417,angka_literal,3,1,https://pontianak.tribunnews.com/kalbar/1161424/417-siswa-dan-guru-di-ketapang-keracunan-massal-setelah-konsumsi-mbg-dari-dapur-surya-gizi-lestari,"[""https://pontianak.tribunnews.com/kalbar/1161424/417-siswa-dan-guru-di-ketapang-keracunan-massal-setelah-konsumsi-mbg-dari-dapur-surya-gizi-lestari""]",,belum_diperiksa_individual,True,,29876794,2026-09-18
W29876794-r157c6,5 Februari 2026,2026-02-05,2026,2,tanggal,Kalimantan Barat,Kota Singkawang,MAN Model Singkawang,56 Siswa,56,angka_literal,1,1,https://wartapontianak.pikiran-rakyat.com/kalbar/pr-1179990397/puluhan-siswa-man-model-kota-singkawang-diduga-keracunan-usai-santap-mbg,"[""https://wartapontianak.pikiran-rakyat.com/kalbar/pr-1179990397/puluhan-siswa-man-model-kota-singkawang-diduga-keracunan-usai-santap-mbg""]",,belum_diperiksa_individual,True,,29876794,2026-09-18
W29876794-r160c6,5 Februari 2026,2026-02-05,2026,2,tanggal,Kalimantan Tengah,Kota Palangkaraya,Posyandu Harum Manis,16 Warga,16,angka_literal,1,1,https://beritasampit.com/2026/02/09/16-warga-palangka-raya-keracunan-usai-santap-mbg-pemprov-kalteng-turun-tangan/,"[""https://beritasampit.com/2026/02/09/16-warga-palangka-raya-keracunan-usai-santap-mbg-pemprov-kalteng-turun-tangan/""]",,belum_diperiksa_individual,True,,29876794,2026-09-18
W29876794-r551c6,5 Februari 2026,2026-02-05,2026,2,tanggal,Jawa Timur,Jember,SMP Negeri 1 Umbulsari,112 Orang,112,angka_literal,1,1,https://halojember.jawapos.com/news/2217157641/ratusan-siswa-dan-guru-smpn-1-umbulsari-jember-diduga-keracunan-setelah-konsumsi-mbg,"[""https://halojember.jawapos.com/news/2217157641/ratusan-siswa-dan-guru-smpn-1-umbulsari-jember-diduga-keracunan-setelah-konsumsi-mbg""]",,belum_diperiksa_individual,True,,29876794,2026-09-18
W29876794-r447c6,6 Februari 2026,2026-02-06,2026,2,tanggal,Jawa Tengah,Wonosobo,SD Negeri 1 Kapulogo,26 Siswa,26,angka_literal,1,1,https://www.wartaindonesianews.co.id/2026/02/lagi-lagi-mbg-bermasalah-telur-puyuh.html,"[""https://www.wartaindonesianews.co.id/2026/02/lagi-lagi-mbg-bermasalah-telur-puyuh.html""]",,belum_diperiksa_individual,True,,29876794,2026-09-18
W29876794-r13c6,9 Februari 2026,2026-02-09,2026,2,tanggal,Sumatera Utara,Dairi,SMK Swasta HKBP Sidikalang | SMK Swasta Arina Sidikalang,271 Siswa,271,angka_literal,2,1,https://mistar.id/news/hukum-peristiwa/siswa-keracunan-mbg-di-dairi-terus-bertambah-total-271-orang,"[""https://mistar.id/news/hukum-peristiwa/siswa-keracunan-mbg-di-dairi-terus-bertambah-total-271-orang""]",,belum_diperiksa_individual,True,,29876794,2026-09-18
W29876794-r448c6,9 Februari 2026,2026-02-09,2026,2,tanggal,Jawa Tengah,Pati,SMKN 4 Pati,22 Siswa,22,angka_literal,1,1,https://harianmuria.com/pati/puluhan-siswa-smkn-4-pati-diduga-keracunan-usai-makan-mbg/,"[""https://harianmuria.com/pati/puluhan-siswa-smkn-4-pati-diduga-keracunan-usai-makan-mbg/""]",,belum_diperiksa_individual,True,,29876794,2026-09-18
W29876794-r67c6,9 Februari 2026,2026-02-09,2026,2,tanggal,Sumatera Selatan,Ogan Ilir,Pondok Pesantren Al Ittifaqiah Indralaya,15 Santri,15,angka_literal,1,1,https://www.merdeka.com/peristiwa/15-santri-di-ogan-ilir-diduga-keracunan-mbg-korban-muntah-muntah-sebelum-dilarikan-ke-rs-533475-mvk.html,"[""https://www.merdeka.com/peristiwa/15-santri-di-ogan-ilir-diduga-keracunan-mbg-korban-muntah-muntah-sebelum-dilarikan-ke-rs-533475-mvk.html""]",,belum_diperiksa_individual,True,,29876794,2026-09-18
W29876794-r577c6,10 Februari 2026,2026-02-10,2026,2,tanggal,Jawa Timur,Tulungagung,SDN 3 Bungur,24 Siswa,24,angka_literal,1,1,https://bacaini.id/tumbal-mbg-24-siswa-sd-tulungagung-keracunan-massal/,"[""https://bacaini.id/tumbal-mbg-24-siswa-sd-tulungagung-keracunan-massal/""]",,belum_diperiksa_individual,True,,29876794,2026-09-18
W29876794-r132c6,11 Februari 2026,2026-02-11,2026,2,tanggal,Lampung,Kota Bandar Lampung,SDN 4 Sumberjo | SD Al Munawaroh | SMPN 14 Bandar Lampung,87 Orang | 76 Orang | 43 Orang,206,angka_literal,3,3,https://lampung.viva.co.id/pendidikan/8169-ratusan-siswa-di-kemiling-keracunan-massal-mbg-badan-gizi-nasional-tegaskan-evaluasi-sppg,"[""https://lampung.viva.co.id/pendidikan/8169-ratusan-siswa-di-kemiling-keracunan-massal-mbg-badan-gizi-nasional-tegaskan-evaluasi-sppg""]",,belum_diperiksa_individual,True,,29876794,2026-09-18
W29876794-r4c6,11 Februari 2026,2026-02-11,2026,2,tanggal,Aceh,Aceh Singkil,TK Bunga Al-Qur’an | Pesantren Modern Darul Mustafa,33 Santri,33,angka_literal,2,1,https://www.ajnn.net/news/puluhan-santri-di-aceh-singkil-diduga-keracunan-mbg-sppg-dihentikan-sementara/amp.html,"[""https://www.ajnn.net/news/puluhan-santri-di-aceh-singkil-diduga-keracunan-mbg-sppg-dihentikan-sementara/amp.html""]",,belum_diperiksa_individual,True,,29876794,2026-09-18
W29876794-r586c6,11 Februari 2026,2026-02-11,2026,2,tanggal,Jawa Timur,Malang,MI Al Maarif 9,9 Siswa,9,angka_literal,1,1,https://seru.co.id/219610-sembilan-siswa-mi-di-singosari-diduga-keracunan-usai-santap-jatah-mbg,"[""https://seru.co.id/219610-sembilan-siswa-mi-di-singosari-diduga-keracunan-usai-santap-jatah-mbg""]",,belum_diperiksa_individual,True,,29876794,2026-09-18
W29876794-r680c6,11 Februari 2026,2026-02-11,2026,2,tanggal,Nusa Tenggara Barat,Lombok Utara,SDN 2 Malaka | SDN 4 Malaka,30 Siswa,30,angka_literal,2,1,https://www.asatunews.co.id/30-siswa-sdn-lombok-utara-keracunan-makan-bergizi-gratis,"[""https://www.asatunews.co.id/30-siswa-sdn-lombok-utara-keracunan-makan-bergizi-gratis""]",,belum_diperiksa_individual,True,,29876794,2026-09-18
W29876794-r728c6,11 Februari 2026,2026-02-11,2026,2,tanggal,Nusa Tenggara Timur,Manggarai,warga Kecamatan Satar Mese,131 Orang,131,angka_literal,1,1,https://www.instagram.com/p/DUw10wHioM4/,"[""https://www.instagram.com/p/DUw10wHioM4/""]",,belum_diperiksa_individual,True,,29876794,2026-09-18
W29876794-r171c6,12 Februari 2026,2026-02-12,2026,2,tanggal,Kalimantan Timur,Penajam Paser Utara,SDN 008 Waru | SMAN 2 Penajam Paser Utara,26 Siswa,26,angka_literal,2,1,https://www.instagram.com/reels/DUoGzXqkxBP/,"[""https://www.instagram.com/reels/DUoGzXqkxBP/""]",,belum_diperiksa_individual,True,,29876794,2026-09-18
W29876794-r572c6,13 Februari 2026,2026-02-13,2026,2,tanggal,Jawa Timur,Ngawi,Ponpes Al hijrah,67 Santri,67,angka_literal,1,1,https://www.detik.com/jatim/berita/d-8356836/puluhan-santri-diduga-keracunan-mbg-di-ngawi-masih-dirawat,"[""https://www.detik.com/jatim/berita/d-8356836/puluhan-santri-diduga-keracunan-mbg-di-ngawi-masih-dirawat""]",,belum_diperiksa_individual,True,,29876794,2026-09-18
W29876794-r746c6,14 Februari 2026,2026-02-14,2026,2,tanggal,Sulawesi Barat,Polewali Mandar,SDN 10 Paku,21 Orang,21,angka_literal,1,1,https://katinting.com/keracunan-massal-mbg-polman-respons-profesional-dkppkb-waktu-evaluasi-keamanan-pangan/,"[""https://katinting.com/keracunan-massal-mbg-polman-respons-profesional-dkppkb-waktu-evaluasi-keamanan-pangan/""]",,belum_diperiksa_individual,True,,29876794,2026-09-18
W29876794-r455c6,23 Februari 2026,2026-02-23,2026,2,tanggal,Jawa Tengah,Kota Tegal,SMP PIUS,3 Siswa,3,angka_literal,1,1,https://puskapik.com/tegal/tiga-siswa-smp-pius-tegal-diduga-keracunan-roti-mbg-sempat-dilarikan-ke-rs,"[""https://puskapik.com/tegal/tiga-siswa-smp-pius-tegal-diduga-keracunan-roti-mbg-sempat-dilarikan-ke-rs""]",,belum_diperiksa_individual,True,,29876794,2026-09-18
W29876794-r142c6,24 Februari 2026,2026-02-24,2026,2,tanggal,Lampung,Tulang Bawang,SDN 1 Kibang,35 Siswa,35,angka_literal,1,1,https://lampungcity.co/kasus-keracunan-massal-mbg-menggala-bertambah-35-siswa-jadi-korban-dapur-sppg-belum-kantongi-sertifikat-higiene/,"[""https://lampungcity.co/kasus-keracunan-massal-mbg-menggala-bertambah-35-siswa-jadi-korban-dapur-sppg-belum-kantongi-sertifikat-higiene/""]",,belum_diperiksa_individual,True,,29876794,2026-09-18
W29876794-r15c6,24 Februari 2026,2026-02-24,2026,2,tanggal,Sumatera Utara,Nias Selatan,SDN 071123,35 Siswa,35,angka_literal,1,1,https://www.komunitastodays.co/2026-02-24/35-siswa-sdn-071123-diduga-keracunan-makanan-program-mbg-orang-tua-dan-warga-kepulauan-batu-kecewa/,"[""https://www.komunitastodays.co/2026-02-24/35-siswa-sdn-071123-diduga-keracunan-makanan-program-mbg-orang-tua-dan-warga-kepulauan-batu-kecewa/""]",,belum_diperiksa_individual,True,,29876794,2026-09-18
W29876794-r350c6,25 Februari 2026,2026-02-25,2026,2,tanggal,Jawa Barat,Kota Cimahi,TK PGRI | TK Kartika | SDN Cimahi Mandiri 4 | SDN Karangmekar 5 | SMPN 6 Cimahi,46 Siswa,46,angka_literal,5,1,https://bandungbergerak.id/article/detail/1546036135/keracunan-massal-mbg-terulang-46-siswa-dan-guru-di-kota-cimahi-jadi-korban,"[""https://bandungbergerak.id/article/detail/1546036135/keracunan-massal-mbg-terulang-46-siswa-dan-guru-di-kota-cimahi-jadi-korban""]",,belum_diperiksa_individual,True,,29876794,2026-09-18
W29876794-r6c6,26 Februari 2026,2026-02-26,2026,2,tanggal,Aceh,Bireuen,warga Simpang Mamplam dan Pandrah,140 Warga,140,angka_literal,1,1,https://aceh.tribunnews.com/nanggroe/1014016/terungkap-info-awal-kasus-dugaan-keracunan-mbg-di-bireuen-warga-telepon-kepala-puskesmas,"[""https://aceh.tribunnews.com/nanggroe/1014016/terungkap-info-awal-kasus-dugaan-keracunan-mbg-di-bireuen-warga-telepon-kepala-puskesmas""]",,belum_diperiksa_individual,True,,29876794,2026-09-18
W29876794-r7c6,26 Februari 2026,2026-02-26,2026,2,tanggal,Aceh,Aceh Selatan,PAUD (Spesifik tidak disebutkan) | SMA (Spesifik tidak disebutkan),18 Siswa,18,angka_literal,2,1,https://www.merdeka.com/peristiwa/dinkes-tetapkan-dugaan-keracunan-makanan-bergizi-gratis-aceh-selatan-sebagai-klb-542158-mvk.html,"[""https://www.merdeka.com/peristiwa/dinkes-tetapkan-dugaan-keracunan-makanan-bergizi-gratis-aceh-selatan-sebagai-klb-542158-mvk.html""]",,belum_diperiksa_individual,True,,29876794,2026-09-18
W29876794-r98c6,26 Februari 2026,2026-02-26,2026,2,tanggal,Bengkulu,Bengkulu Utara,,,,tidak_tersedia,1,1,https://daerahpost.com/polhukam/diduga-keracunan-burger-mbg-siswa-min-2-ketahun-tutup-usia-di-rs-bhayangkara-bengkulu/,"[""https://daerahpost.com/polhukam/diduga-keracunan-burger-mbg-siswa-min-2-ketahun-tutup-usia-di-rs-bhayangkara-bengkulu/""]",,belum_diperiksa_individual,False,tidak_tersedia,29876794,2026-09-18
W29876794-r127c6,27 Februari 2026,2026-02-27,2026,2,tanggal,Lampung,Lampung Timur,TBA (Tidak disebutkan),Belasan Siswa,,kualitatif,1,1,https://lampung77.com/lampung/belasan-pelajar-di-lampung-timur-diduga-keracunan-mbg-ada-siswa-paud/,"[""https://lampung77.com/lampung/belasan-pelajar-di-lampung-timur-diduga-keracunan-mbg-ada-siswa-paud/""]",,belum_diperiksa_individual,False,kualitatif,29876794,2026-09-18
W29876794-r759c6,2 Maret 2026,2026-03-02,2026,3,tanggal,Sulawesi Tengah,Banggai Kepulauan,SD Negeri Ambelang | SD Negeri Tompudau,12 Siswa,12,angka_literal,2,1,https://palu.tribunnews.com/sulteng/180593/breakingnews-12-siswa-di-banggai-kepulauan-diduga-diare-setelah-minum-susu-mbg,"[""https://palu.tribunnews.com/sulteng/180593/breakingnews-12-siswa-di-banggai-kepulauan-diduga-diare-setelah-minum-susu-mbg""]",,belum_diperiksa_individual,True,,29876794,2026-09-18
W29876794-r717c6,3 Maret 2026,2026-03-03,2026,3,tanggal,Nusa Tenggara Timur,Ngada,Kecamatan Inere,24 Orang,24,angka_literal,1,1,https://indonesiasatu.co/detail/puluhan-balita-dan-bumil-di-ngada-keracunan-mbg--ketua-dprd-ngada-desak-audit-sppg,"[""https://indonesiasatu.co/detail/puluhan-balita-dan-bumil-di-ngada-keracunan-mbg--ketua-dprd-ngada-desak-audit-sppg""]",,belum_diperiksa_individual,True,,29876794,2026-09-18
W29876794-r722c6,4 Maret 2026,2026-03-04,2026,3,tanggal,Nusa Tenggara Timur,Timur Tengah Utara,SMAN 1 Insana,>300 Siswa,,batas_bukan_angka_pasti,1,1,https://www.victorynews.id/nasional/33116819723/ratusan-siswa-sman-1-insana-alami-gejala-keracunan-usai-santap-menu-mbg-dari-sppg-susulaku,"[""https://www.victorynews.id/nasional/33116819723/ratusan-siswa-sman-1-insana-alami-gejala-keracunan-usai-santap-menu-mbg-dari-sppg-susulaku""]",,belum_diperiksa_individual,False,batas_bukan_angka_pasti,29876794,2026-09-18
W29876794-r625c6,5 Maret 2026,2026-03-05,2026,3,tanggal,Jawa Timur,Jombang,Ponpes Sholawat Darut Taubah,31 Santri,31,angka_literal,1,1,https://www.detik.com/jatim/berita/d-8386411/31-santri-di-jombang-keracunan-usai-santap-telur-asin-mbg,"[""https://www.detik.com/jatim/berita/d-8386411/31-santri-di-jombang-keracunan-usai-santap-telur-asin-mbg""]",,belum_diperiksa_individual,True,,29876794,2026-09-18
W29876794-r276c6,6 Maret 2026,2026-03-06,2026,3,tanggal,Jawa Barat,Sukabumi,Ponpes Az-Zain,47 Orang,47,angka_literal,1,1,https://lingkarjabar.com/puluhan-santri-dan-guru-di-sukabumi-diduga-keracunan-usai-santap-program-mbg-47-orang-sempat-alami-keluhan/,"[""https://lingkarjabar.com/puluhan-santri-dan-guru-di-sukabumi-diduga-keracunan-usai-santap-program-mbg-47-orang-sempat-alami-keluhan/""]",,belum_diperiksa_individual,True,,29876794,2026-09-18
W29876794-r344c6,10 Maret 2026,2026-03-10,2026,3,tanggal,Jawa Barat,Cirebon,SMAN 1 Jamblang,1 Siswa,1,angka_literal,1,1,https://www.cirebonraya.com/ciayumajakuning/43716855496/usai-santap-roti-dan-makanan-mbg-diduga-keracunan-siswi-sma-negeri-1-jamblang-cirebon-dilarikan-ke-rumah-sakit,"[""https://www.cirebonraya.com/ciayumajakuning/43716855496/usai-santap-roti-dan-makanan-mbg-diduga-keracunan-siswi-sma-negeri-1-jamblang-cirebon-dilarikan-ke-rumah-sakit""]",,belum_diperiksa_individual,True,,29876794,2026-09-18
W29876794-r456c6,12 Maret 2026,2026-03-12,2026,3,tanggal,Jawa Tengah,Pemalang,TK (Spesifik tidak disebutkan),1 Siswa,1,angka_literal,1,1,https://www.ketiknews.id/news/30116861093/siswa-tk-di-desa-blendung-diduga-jadi-korban-keracunan-mbg-wabup-pemalang-sppg-harus-dievaluasi,"[""https://www.ketiknews.id/news/30116861093/siswa-tk-di-desa-blendung-diduga-jadi-korban-keracunan-mbg-wabup-pemalang-sppg-harus-dievaluasi""]",,belum_diperiksa_individual,True,,29876794,2026-09-18
W29876794-r818c6,13 Maret 2026,2026-03-13,2026,3,tanggal,Papua Tengah,Nabire,TK Grasia | SD Inpres Waharia | SMPN 7 Nabire,7 Siswa,7,angka_literal,3,1,https://papua.tribunnews.com/nabire/124270/7-orang-di-nabire-diduga-keracunan-mbg-saus-makanan-jadi-sorotan,"[""https://papua.tribunnews.com/nabire/124270/7-orang-di-nabire-diduga-keracunan-mbg-saus-makanan-jadi-sorotan""]",,belum_diperiksa_individual,True,,29876794,2026-09-18
W29876794-r780c6,31 Maret 2026,2026-03-31,2026,3,tanggal,Sulawesi Selatan,Enrekang,SDN 120 Baroko | SD 195 Buntu Ampang,17 Siswa,17,angka_literal,2,1,https://www.detik.com/sulsel/berita/d-8425094/17-siswa-sd-di-enrekang-muntah-diare-usai-santap-mbg,"[""https://www.detik.com/sulsel/berita/d-8425094/17-siswa-sd-di-enrekang-muntah-diare-usai-santap-mbg""]",,belum_diperiksa_individual,True,,29876794,2026-09-18
W29876794-r16c6,1 April 2026,2026-04-01,2026,4,tanggal,Sumatera Utara,Humbang Hasundutan,SMPN 016 Nagasaribu | SMA Negeri 3 Lintongnihuta,18 Siswa,18,angka_literal,2,1,https://www.komandopatastv.co.id/2026/04/puluhan-pelajar-dan-guru-diduga.html,"[""https://www.komandopatastv.co.id/2026/04/puluhan-pelajar-dan-guru-diduga.html""]",,belum_diperiksa_individual,True,,29876794,2026-09-18
W29876794-r212c6,1 April 2026,2026-04-01,2026,4,tanggal,DKI Jakarta,Jakarta Pusat,SMPN 71 Jakarta Pusat,48 Siswa,48,angka_literal,1,1,https://www.instagram.com/p/DXJmRxskwr8/,"[""https://www.instagram.com/p/DXJmRxskwr8/""]",,belum_diperiksa_individual,True,,29876794,2026-09-18
W29876794-r782c6,1 April 2026,2026-04-01,2026,4,tanggal,Sulawesi Selatan,Bantaeng,TK (Spesifik tidak disebutkan) | SD (Spesifik tidak disebutkan),Puluhan Siswa,,kualitatif,2,1,https://mediakrimsustnipolri.com/kabar-terkini/diduga-keracunan-susu-program-mbg-puluhan-siswa-di-bantaeng-dilarikan-ke-puskesmas/,"[""https://mediakrimsustnipolri.com/kabar-terkini/diduga-keracunan-susu-program-mbg-puluhan-siswa-di-bantaeng-dilarikan-ke-puskesmas/""]",,belum_diperiksa_individual,False,kualitatif,29876794,2026-09-18
W29876794-r516c6,2 April 2026,2026-04-02,2026,4,tanggal,Daerah Istimewa Yogyakarta,Bantul,6 SD (Spesifik tidak disebutkan),156 Siswa,156,angka_literal,1,1,https://jogja.tribunnews.com/diy/1212345/kasus-dugaan-keracunan-menu-mbg-di-bantul-operasional-dua-sppg-dihentikan-sementara,"[""https://jogja.tribunnews.com/diy/1212345/kasus-dugaan-keracunan-menu-mbg-di-bantul-operasional-dua-sppg-dihentikan-sementara""]",,belum_diperiksa_individual,True,,29876794,2026-09-18
W29876794-r203c6,3 April 2026,2026-04-03,2026,4,tanggal,DKI Jakarta,Jakarta Timur,SDN Pondok Kelapa 1 | SDN Pondok Kelapa 7 | SDN Pondok Kelapa 9 | SMAN 91 Jakarta,135 Siswa,135,angka_literal,4,1,"https://terkenal.co.id/kasus-keracunan-mbg-di-jakarta-terus-meluas-total-135-orang-terdampak/,%20https://terkenal.co.id/kasus-keracunan-mbg-di-jakarta-terus-meluas-total-135-orang-terdampak/","[""https://terkenal.co.id/kasus-keracunan-mbg-di-jakarta-terus-meluas-total-135-orang-terdampak/,%20https://terkenal.co.id/kasus-keracunan-mbg-di-jakarta-terus-meluas-total-135-orang-terdampak/""]",,belum_diperiksa_individual,True,,29876794,2026-09-18
W29876794-r682c6,4 April 2026,2026-04-04,2026,4,tanggal,Nusa Tenggara Barat,Bima,PAUD (Spesifik tidak disebutkan) | TK (Spesifik tidak disebutkan) | SMP (Spesifik tidak disebutkan) | Ibu Hamil | Lansia,29 Orang,29,angka_literal,5,1,https://ntb.idntimes.com/news/ntb/29-warga-diduga-keracunan-mbg-di-bima-dinkes-lakukan-investigasi-00-ldn3d-81r16k,"[""https://ntb.idntimes.com/news/ntb/29-warga-diduga-keracunan-mbg-di-bima-dinkes-lakukan-investigasi-00-ldn3d-81r16k""]",,belum_diperiksa_individual,True,,29876794,2026-09-18
W29876794-r332c6,6 April 2026,2026-04-06,2026,4,tanggal,Jawa Barat,Bogor,Warga Tanjung Sari,107 Orang,107,angka_literal,1,1,https://www.detik.com/jabar/berita/d-8435452/107-warga-diduga-keracunan-mbg-sppg-menu-sama-sekolah-nihil-keluhan,"[""https://www.detik.com/jabar/berita/d-8435452/107-warga-diduga-keracunan-mbg-sppg-menu-sama-sekolah-nihil-keluhan""]",,belum_diperiksa_individual,True,,29876794,2026-09-18
W29876794-r527c6,7 April 2026,2026-04-07,2026,4,tanggal,Jawa Timur,Nganjuk,SDN Mojokendil,Puluhan Siswa,,kualitatif,1,1,https://jatim.wartaglobal.id/2026/04/insiden-murid-keracunan-program-mbg-di.html,"[""https://jatim.wartaglobal.id/2026/04/insiden-murid-keracunan-program-mbg-di.html""]",,belum_diperiksa_individual,False,kualitatif,29876794,2026-09-18
W29876794-r188c6,8 April 2026,2026-04-08,2026,4,tanggal,Banten,Kota Tangerang,TK (Spesifik tidak disebutkan) | SMK Farmasi | Pesantren WH Tahfidz,±100 Siswa,,perkiraan,3,1,https://banten.akurat.co/news/848143/puluhan-siswa-keracunan-di-kecamatan-pinang-kota-tangerang-wahidin-halim-semprot-yayasan-banten-hebat,"[""https://banten.akurat.co/news/848143/puluhan-siswa-keracunan-di-kecamatan-pinang-kota-tangerang-wahidin-halim-semprot-yayasan-banten-hebat""]",,belum_diperiksa_individual,False,perkiraan,29876794,2026-09-18
W29876794-r243c6,8 April 2026,2026-04-08,2026,4,tanggal,Jawa Barat,Tasikmalaya,SMAN 1 Cisayong,119 Siswa,119,angka_literal,1,1,https://priangan.com/pasca-119-siswa-terdampak-suplai-mbg-di-sman-1-cisayong-dihentikan-total/,"[""https://priangan.com/pasca-119-siswa-terdampak-suplai-mbg-di-sman-1-cisayong-dihentikan-total/""]",,belum_diperiksa_individual,True,,29876794,2026-09-18
W29876794-r381c6,8 April 2026,2026-04-08,2026,4,tanggal,Jawa Tengah,Klaten,SMKN 1 Klaten,>10 Siswa,,batas_bukan_angka_pasti,1,1,https://www.detik.com/jateng/berita/d-8436385/murid-smkn-1-klaten-diduga-keracunan-usai-makan-mi-ayam-mbg,"[""https://www.detik.com/jateng/berita/d-8436385/murid-smkn-1-klaten-diduga-keracunan-usai-makan-mi-ayam-mbg""]",,belum_diperiksa_individual,False,batas_bukan_angka_pasti,29876794,2026-09-18
W29876794-r517c6,8 April 2026,2026-04-08,2026,4,tanggal,Daerah Istimewa Yogyakarta,Bantul,SDN Monggang | SD Negeri Kategan,19 Siswa,19,angka_literal,2,1,https://www.detik.com/jogja/berita/d-8437025/19-murid-sd-diduga-keracunan-mbg-sppg-ditutup-sementara,"[""https://www.detik.com/jogja/berita/d-8437025/19-murid-sd-diduga-keracunan-mbg-sppg-ditutup-sementara""]",,belum_diperiksa_individual,True,,29876794,2026-09-18
W29876794-r106c6,9 April 2026,2026-04-09,2026,4,tanggal,Jambi,Kota Jambi,SMPN 7 Kota Jambi,3 Guru,3,angka_literal,1,1,https://jambitv.disway.id/kota-jambi/read/13307/heboh-dugaan-keracunan-mbg-di-smpn-7-kota-jambi-ini-fakta-dan-klarifikasi-sekolah,"[""https://jambitv.disway.id/kota-jambi/read/13307/heboh-dugaan-keracunan-mbg-di-smpn-7-kota-jambi-ini-fakta-dan-klarifikasi-sekolah""]",,belum_diperiksa_individual,True,,29876794,2026-09-18
W29876794-r597c6,9 April 2026,2026-04-09,2026,4,tanggal,Jawa Timur,Mojokerto,TK Kartika | SDN Randubango | MI Mi’rojul Ulum | SMK PGRI Mojosari | SMA PGRI Mojosari,79 Siswa,79,angka_literal,5,1,https://jatim.suaramerdeka.com/jatim/108816976765/sejumlah-siswa-di-mojokerto-diduga-keracunan-usai-makan-menu-mbg,"[""https://jatim.suaramerdeka.com/jatim/108816976765/sejumlah-siswa-di-mojokerto-diduga-keracunan-usai-makan-menu-mbg""]",,belum_diperiksa_individual,True,,29876794,2026-09-18
W29876794-r627c6,9 April 2026,2026-04-09,2026,4,tanggal,Jawa Timur,Pacitan,TK (Spesifik tidak disebutkan) | SD (Spesifik tidak disebutkan) | SMP ((Spesifik tidak disebutkan),158 Siswa,158,angka_literal,3,1,https://pacitanku.com/2026/04/18/bakteri-jadi-biang-keracunan-dprd-pacitan-desak-evaluasi-total-mbg/,"[""https://pacitanku.com/2026/04/18/bakteri-jadi-biang-keracunan-dprd-pacitan-desak-evaluasi-total-mbg/""]",,belum_diperiksa_individual,True,,29876794,2026-09-18
W29876794-r382c6,10 April 2026,2026-04-10,2026,4,tanggal,Jawa Tengah,Klaten,SMPN 1 Kalikotes,81 Siswa,81,angka_literal,1,1,https://radarsolo.jawapos.com/klaten/2604120005/siswa-dan-guru-smpn-1-kalikotes-diduga-keracunan-layanan-mbg-minta-dihentikan-sementara-selama-2-minggu,"[""https://radarsolo.jawapos.com/klaten/2604120005/siswa-dan-guru-smpn-1-kalikotes-diduga-keracunan-layanan-mbg-minta-dihentikan-sementara-selama-2-minggu""]",,belum_diperiksa_individual,True,,29876794,2026-09-18
W29876794-r657c6,10 April 2026,2026-04-10,2026,4,tanggal,Nusa Tenggara Barat,Lombok Tengah,Balita | SD (Spesifik tidak disebutkan),11 Siswa,11,angka_literal,2,1,https://koranlombok.id/2026/04/14/bgn-cabut-suspend-tujuh-sppg-muncul-11-korban-dugaan-keracunan-mbg-di-prai-meke/,"[""https://koranlombok.id/2026/04/14/bgn-cabut-suspend-tujuh-sppg-muncul-11-korban-dugaan-keracunan-mbg-di-prai-meke/""]",,belum_diperiksa_individual,True,,29876794,2026-09-18
W29876794-r519c6,13 April 2026,2026-04-13,2026,4,tanggal,Daerah Istimewa Yogyakarta,Bantul,SMPN 3 Jetis | SMP Muhammadiyah,80 Siswa,80,angka_literal,2,1,https://www.pojoksatu.id/nasional/1087357559/geger-80-siswa-dan-guru-di-bantul-diduga-keracunan-makan-bergizi-gratis-gejalanya-muncul-sehari-setelah-makan,"[""https://www.pojoksatu.id/nasional/1087357559/geger-80-siswa-dan-guru-di-bantul-diduga-keracunan-makan-bergizi-gratis-gejalanya-muncul-sehari-setelah-makan""]",,belum_diperiksa_individual,True,,29876794,2026-09-18
W29876794-r542c6,15 April 2026,2026-04-15,2026,4,tanggal,Jawa Timur,Bojonegoro,TK (Spesifik tidak disebutkan) | SD (Spesifik tidak disebutkan) | Ibu Hamil,17 Orang,17,angka_literal,3,1,https://www.detik.com/jatim/berita/d-8447730/17-warga-di-bojonegoro-keracunan-usai-santap-menu-mbg-ada-ibu-hamil,"[""https://www.detik.com/jatim/berita/d-8447730/17-warga-di-bojonegoro-keracunan-usai-santap-menu-mbg-ada-ibu-hamil""]",,belum_diperiksa_individual,True,,29876794,2026-09-18
W29876794-r83c6,15 April 2026,2026-04-15,2026,4,tanggal,Kepulauan Riau,Kepulauan Anambas,TK (Spesifik tidak disebutkan) | SD (Spesifik tidak disebutkan) | SMP ((Spesifik tidak disebutkan),158 Siswa,158,angka_literal,3,1,https://www.merahputih.com/,"[""https://www.merahputih.com/""]",rujukan_hanya_beranda,belum_diperiksa_individual,False,rujukan_hanya_beranda,29876794,2026-09-18
W29876794-r191c6,16 April 2026,2026-04-16,2026,4,tanggal,Banten,Kota Cilegon,MTs Al-Inayah,49 Siswa,49,angka_literal,1,1,https://www.suara.com/news/2026/04/17/213500/49-siswa-di-cilegon-diduga-keracunan-mbg-polisi-telusuri-sisa-makanan-hingga-darah-korban,"[""https://www.suara.com/news/2026/04/17/213500/49-siswa-di-cilegon-diduga-keracunan-mbg-polisi-telusuri-sisa-makanan-hingga-darah-korban""]",,belum_diperiksa_individual,True,,29876794,2026-09-18
W29876794-r630c6,16 April 2026,2026-04-16,2026,4,tanggal,Jawa Timur,Kota Madiun,SDN 1 Demangan,18 Siswa,18,angka_literal,1,1,https://memorandum.disway.id/madiun/read/156554/diduga-keracunan-mbg-belasan-siswa-sdn-1-demangan-madiun-dilarikan-ke-rumah-sakit,"[""https://memorandum.disway.id/madiun/read/156554/diduga-keracunan-mbg-belasan-siswa-sdn-1-demangan-madiun-dilarikan-ke-rumah-sakit""]",,belum_diperiksa_individual,True,,29876794,2026-09-18
W29876794-r821c6,16 April 2026,2026-04-16,2026,4,tanggal,Papua Tengah,Nabire,SD Inpres Oyehe,7 Siswa,7,angka_literal,1,1,https://www.nabirenews.com/kesehatan/2622532683/kronologi-7-siswa-sd-inpres-oyehe-diduga-keracunan-mbg-sempat-dirawat-di-klinik,"[""https://www.nabirenews.com/kesehatan/2622532683/kronologi-7-siswa-sd-inpres-oyehe-diduga-keracunan-mbg-sempat-dirawat-di-klinik""]",,belum_diperiksa_individual,True,,29876794,2026-09-18
W29876794-r225c6,17 April 2026,2026-04-17,2026,4,tanggal,Jawa Barat,Cianjur,Desa Sukasirna | Desa Purabaya,134 Warga,134,angka_literal,2,1,https://cianjurekspres.disway.id/metropolis/read/20790/balita-keracunan-diduga-usai-santap-mbg-di-leles-cianjur-meninggal-dunia,"[""https://cianjurekspres.disway.id/metropolis/read/20790/balita-keracunan-diduga-usai-santap-mbg-di-leles-cianjur-meninggal-dunia""]",,belum_diperiksa_individual,True,,29876794,2026-09-18
W29876794-r280c6,17 April 2026,2026-04-17,2026,4,tanggal,Jawa Barat,Karawang,Balita | Ibu Menyusui,46 Warga,46,angka_literal,2,1,https://www.lensapurwakarta.com/saba-desa/28517009190/46-warga-desa-cariumulya-kabupaten-karawang-diduga-keracunan-mbg-korban-merasa-pusing-dan-mual,"[""https://www.lensapurwakarta.com/saba-desa/28517009190/46-warga-desa-cariumulya-kabupaten-karawang-diduga-keracunan-mbg-korban-merasa-pusing-dan-mual""]",,belum_diperiksa_individual,True,,29876794,2026-09-18
W29876794-r457c6,18 April 2026,2026-04-18,2026,4,tanggal,Jawa Tengah,Demak,Ponpes Bustanul Qur'an | Ponpes Asnawiyah | Ponpes Hidayatul Mubdtadiin | Ponpes Al Ma'arif | Ponpes Nurul Sakinah | MI Yosua,189 Santri,189,angka_literal,6,1,https://regional.kompas.com/read/2026/04/19/174048678/ratusan-santri-demak-diduga-keracunan-usai-santap-mbg?page=all,"[""https://regional.kompas.com/read/2026/04/19/174048678/ratusan-santri-demak-diduga-keracunan-usai-santap-mbg?page=all""]",,belum_diperiksa_individual,True,,29876794,2026-09-18
W29876794-r192c6,20 April 2026,2026-04-20,2026,4,tanggal,Banten,Kota Cilegon,SDN Cikerai 2,19 Siswa,19,angka_literal,1,1,https://rri.co.id/banten/nasional/2351429/dugaan-keracunan-mbg-kembali-terjadi-di-kota-cilegon,"[""https://rri.co.id/banten/nasional/2351429/dugaan-keracunan-mbg-kembali-terjadi-di-kota-cilegon""]",,belum_diperiksa_individual,True,,29876794,2026-09-18
W29876794-r632c6,20 April 2026,2026-04-20,2026,4,tanggal,Jawa Timur,Bangkalan,SMPN 1 Blega,2 Siswa dan 1 Guru,3,angka_literal,1,1,https://www.instagram.com/p/DXapu2_AZsE/,"[""https://www.instagram.com/p/DXapu2_AZsE/""]",,belum_diperiksa_individual,True,,29876794,2026-09-18
W29876794-r405c6,21 April 2026,2026-04-21,2026,4,tanggal,Jawa Tengah,Rembang,SDN Balongmulyo,22 Siswa,22,angka_literal,1,1,https://semarang.viva.co.id/berita/6843-diduga-keracun22-siswa-sd-di-rembang-dilarikan-ke-puskesmas-setelah-makan-menu-mbg,"[""https://semarang.viva.co.id/berita/6843-diduga-keracun22-siswa-sd-di-rembang-dilarikan-ke-puskesmas-setelah-makan-menu-mbg""]",,belum_diperiksa_individual,True,,29876794,2026-09-18
W29876794-r135c6,22 April 2026,2026-04-22,2026,4,tanggal,Lampung,Kota Bandar Lampung,SMAN 6 Bandar Lampung,172 Orang,172,angka_literal,1,1,https://kupastuntas.co/2026/04/24/ratusan-siswa-sman-6-diduga-keracunan-mbg-dapur-way-lunik-disetop-sementara,"[""https://kupastuntas.co/2026/04/24/ratusan-siswa-sman-6-diduga-keracunan-mbg-dapur-way-lunik-disetop-sementara""]",,belum_diperiksa_individual,True,,29876794,2026-09-18
W29876794-r193c6,22 April 2026,2026-04-22,2026,4,tanggal,Banten,Kota Cilegon,SMP PGRI Citangkil,11 Siswa,11,angka_literal,1,1,https://www.radarbanten.co.id/2026/04/23/keracunan-mbg-terjadi-lagi-kini-menimpa-11-siswa-smp-pgri-cilegon/,"[""https://www.radarbanten.co.id/2026/04/23/keracunan-mbg-terjadi-lagi-kini-menimpa-11-siswa-smp-pgri-cilegon/""]",,belum_diperiksa_individual,True,,29876794,2026-09-18
W29876794-r634c6,22 April 2026,2026-04-22,2026,4,tanggal,Jawa Timur,Kota Kediri,SDN Ketami 1 | SDN Ketami 2 | SDN Tempurejo 1,73 Siswa,73,angka_literal,3,1,https://www.detik.com/jatim/berita/d-8460176/siswa-di-3-sd-kediri-keracunan-mbg-walkot-vinanda-perintahkan-investigasi,"[""https://www.detik.com/jatim/berita/d-8460176/siswa-di-3-sd-kediri-keracunan-mbg-walkot-vinanda-perintahkan-investigasi""]",,belum_diperiksa_individual,True,,29876794,2026-09-18
W29876794-r637c6,22 April 2026,2026-04-22,2026,4,tanggal,Jawa Timur,Sampang,SDN Bira Tengah 1,19 Siswa,19,angka_literal,1,1,https://www.detik.com/jatim/berita/d-8458292/kondisi-terkini-belasan-siswa-di-sampang-yang-gatal-gatal-usai-santap-mbg,"[""https://www.detik.com/jatim/berita/d-8458292/kondisi-terkini-belasan-siswa-di-sampang-yang-gatal-gatal-usai-santap-mbg""]",,belum_diperiksa_individual,True,,29876794,2026-09-18
W29876794-r184c6,23 April 2026,2026-04-23,2026,4,tanggal,Kalimantan Selatan,Hulu Sungai Utara,SMKN 1 Amuntai,61 Siswa,61,angka_literal,1,1,https://beritaborneo.com/main/61-korban-keracunan-dprd-kalsel-minta-sistem-mbg-dibongkar-ulang/,"[""https://beritaborneo.com/main/61-korban-keracunan-dprd-kalsel-minta-sistem-mbg-dibongkar-ulang/""]",,belum_diperiksa_individual,True,,29876794,2026-09-18
W29876794-r784c6,23 April 2026,2026-04-23,2026,4,tanggal,Sulawesi Selatan,Jeneponto,SDN 7 Rumbia,28 Siswa,28,angka_literal,1,1,https://updatesulsel.id/28-siswa-keracunan-mbg-di-bontomanai-jeneponto-diminta-ditutup-sementara/,"[""https://updatesulsel.id/28-siswa-keracunan-mbg-di-bontomanai-jeneponto-diminta-ditutup-sementara/""]",,belum_diperiksa_individual,True,,29876794,2026-09-18
W29876794-r99c6,23 April 2026,2026-04-23,2026,4,tanggal,Bengkulu,Bengkulu Tengah,SMP Negeri 3 Bengkulu Tengah,8 Siswa,8,angka_literal,1,1,https://bengkulu.tribunnews.com/breaking-news/100624/breaking-news-7-siswa-smpn-3-bengkulu-tengah-diduga-keracunan-mbg-sempat-dirawat-di-klinik,"[""https://bengkulu.tribunnews.com/breaking-news/100624/breaking-news-7-siswa-smpn-3-bengkulu-tengah-diduga-keracunan-mbg-sempat-dirawat-di-klinik""]",,belum_diperiksa_individual,True,,29876794,2026-09-18
W29876794-r145c6,24 April 2026,2026-04-24,2026,4,tanggal,Kalimantan Barat,Kubu Raya,SDN 23 Sungai Ambawang,12 Siswa,12,angka_literal,1,1,https://insidepontianak.com/article/42255/lagi-siswa-sd-di-kubu-raya-diduga-keracunan-mbg-ayam-goreng-disebut-berbau-dan-keras,"[""https://insidepontianak.com/article/42255/lagi-siswa-sd-di-kubu-raya-diduga-keracunan-mbg-ayam-goreng-disebut-berbau-dan-keras""]",,belum_diperiksa_individual,True,,29876794,2026-09-18
W29876794-r668c6,24 April 2026,2026-04-24,2026,4,tanggal,Nusa Tenggara Barat,Lombok Timur,MI Yadinu Banok,51 Orang,51,angka_literal,1,1,https://kicknews.today/keracunan-massal-mbg-di-lombok-timur-bertambah-ibu-hamil-ikut-dirawat/,"[""https://kicknews.today/keracunan-massal-mbg-di-lombok-timur-bertambah-ibu-hamil-ikut-dirawat/""]",,belum_diperiksa_individual,True,,29876794,2026-09-18
W29876794-r638c6,27 April 2026,2026-04-27,2026,4,tanggal,Jawa Timur,Kediri,TK (Spesifik tidak disebutkan) | SD (Spesifik tidak disebutkan),6 Siswa,6,angka_literal,2,1,https://suryamalang.tribunnews.com/jawa-timur/284163/6-siswa-madrasah-di-kediri-diduga-keracunan-mbg-muntah-muntah-keluhkan-rasa-ayam-yang-aneh,"[""https://suryamalang.tribunnews.com/jawa-timur/284163/6-siswa-madrasah-di-kediri-diduga-keracunan-mbg-muntah-muntah-keluhkan-rasa-ayam-yang-aneh""]",,belum_diperiksa_individual,True,,29876794,2026-09-18
W29876794-r18c6,28 April 2026,2026-04-28,2026,4,tanggal,Sumatera Utara,Deli Serdang,SD swasta terpadu As Syifa,11 Siswa,11,angka_literal,1,1,https://www.hariansib.com/Marsipature-Hutanabe/443537/11-pelajar-sd-diduga-keracunan-mbg-di-deliserdang/,"[""https://www.hariansib.com/Marsipature-Hutanabe/443537/11-pelajar-sd-diduga-keracunan-mbg-di-deliserdang/""]",,belum_diperiksa_individual,True,,29876794,2026-09-18
W29876794-r383c6,28 April 2026,2026-04-28,2026,4,tanggal,Jawa Tengah,Klaten,SMPN 1 Tulung,584 Siswa dan Guru,584,angka_literal,1,1,https://jateng.harianjogja.com/read/2026/04/30/648/1254508/584-siswa-dan-guru-di-klaten-diduga-keracunan-mbg,"[""https://jateng.harianjogja.com/read/2026/04/30/648/1254508/584-siswa-dan-guru-di-klaten-diduga-keracunan-mbg""]",,belum_diperiksa_individual,True,,29876794,2026-09-18
W29876794-r194c6,29 April 2026,2026-04-29,2026,4,tanggal,Banten,Tangerang,TBA (Tidak disebutkan),33 Siswa,33,angka_literal,1,1,https://tangerangnews.co.id/2026/04/30/33-siswa-di-kronjo-keracunan-massal-usai-santap-menu-mbg-makaroni-bermalam-jadi-pemicu/,"[""https://tangerangnews.co.id/2026/04/30/33-siswa-di-kronjo-keracunan-massal-usai-santap-menu-mbg-makaroni-bermalam-jadi-pemicu/""]",,belum_diperiksa_individual,True,,29876794,2026-09-18
W29876794-r463c6,29 April 2026,2026-04-29,2026,4,tanggal,Jawa Tengah,Cilacap,Ponpes putri Kelurahan Gumilir,>100 Santri,,batas_bukan_angka_pasti,1,1,https://banyumas.tribunnews.com/barlingmascakeb/91243/dilarikan-ke-rs-ratusan-santri-cilacap-diduga-keracunan-makanan-dinkes-tunggu-hasil-uji-lab-sampel,"[""https://banyumas.tribunnews.com/barlingmascakeb/91243/dilarikan-ke-rs-ratusan-santri-cilacap-diduga-keracunan-makanan-dinkes-tunggu-hasil-uji-lab-sampel""]",,belum_diperiksa_individual,False,batas_bukan_angka_pasti,29876794,2026-09-18
W29876794-r711c6,29 April 2026,2026-04-29,2026,4,tanggal,Nusa Tenggara Timur,Timor Tengah Selatan,SD GMIT Panite 1 | SD Tuapanan | SMAN 1 Amanuban,37 Siswa dan 6 Guru,43,angka_literal,3,1,https://regional.kompas.com/read/2026/04/30/224346078/diduga-keracunan-mbg-37-siswa-dan-6-guru-di-kabupaten-timor-tengah-selatan?,"[""https://regional.kompas.com/read/2026/04/30/224346078/diduga-keracunan-mbg-37-siswa-dan-6-guru-di-kabupaten-timor-tengah-selatan?""]",,belum_diperiksa_individual,True,,29876794,2026-09-18
W29876794-r82c6,29 April 2026,2026-04-29,2026,4,tanggal,Kepulauan Riau,Kota Batam,SMK Negeri 3 Batam,Ratusan Siswa,,kualitatif,1,1,https://inspirasitoday.com/ratusan-siswa-smkn-3-batam-diduga-keracunan-mbg-banyak-yang-sakit-perut/,"[""https://inspirasitoday.com/ratusan-siswa-smkn-3-batam-diduga-keracunan-mbg-banyak-yang-sakit-perut/""]",,belum_diperiksa_individual,False,kualitatif,29876794,2026-09-18
W29876794-r729c6,30 April 2026,2026-04-30,2026,4,tanggal,Nusa Tenggara Timur,Sumba Tengah,TBA (Tidak disebutkan),>100 siswa,,batas_bukan_angka_pasti,1,1,https://selatanindonesia.com/diduga-keracunan-mbg-lebih-dari-100-anak-di-sumba-tengah-dilarikan-ke-fasilitas-kesehatan/,"[""https://selatanindonesia.com/diduga-keracunan-mbg-lebih-dari-100-anak-di-sumba-tengah-dilarikan-ke-fasilitas-kesehatan/""]",,belum_diperiksa_individual,False,batas_bukan_angka_pasti,29876794,2026-09-18
W29876794-r109c6,4 Mei 2026,2026-05-04,2026,5,tanggal,Kepulauan Bangka Belitung,Belitung,SDN 23 Tanjungpandan | SD Negeri 7 Tanjungpandan,30 Siswa,30,angka_literal,2,1,https://belitung.tribunnews.com/lokal/213812/puluhan-murid-muntah-kepsek-sdn-23-tanjungpandan-tidak-berani-sebut-keracunan-mbg,"[""https://belitung.tribunnews.com/lokal/213812/puluhan-murid-muntah-kepsek-sdn-23-tanjungpandan-tidak-berani-sebut-keracunan-mbg""]",,belum_diperiksa_individual,True,,29876794,2026-09-18
W29876794-r392c6,6 Mei 2026,2026-05-06,2026,5,tanggal,Jawa Tengah,Wonogiri,SMKN 1 Jatiroto,235 SIswa dan 7 Guru,242,angka_literal,1,1,https://www.rinews.id/dugaan-keracunan-massal-mbg-di-smkn-1-jatiroto-ratusan-siswa-dan-guru-alami-diare-penyebab-masih-diselidiki/,"[""https://www.rinews.id/dugaan-keracunan-massal-mbg-di-smkn-1-jatiroto-ratusan-siswa-dan-guru-alami-diare-penyebab-masih-diselidiki/""]",,belum_diperiksa_individual,True,,29876794,2026-09-18
W29876794-r521c6,6 Mei 2026,2026-05-06,2026,5,tanggal,Daerah Istimewa Yogyakarta,Bantul,SDN Kowang,23 Siswa,23,angka_literal,1,1,https://regional.espos.id/23-siswa-sd-di-bantul-diduga-keracunan-mbg-sampel-makanan-diuji-lab-2213609,"[""https://regional.espos.id/23-siswa-sd-di-bantul-diduga-keracunan-mbg-sampel-makanan-diuji-lab-2213609""]",,belum_diperiksa_individual,True,,29876794,2026-09-18
W29876794-r207c6,8 Mei 2026,2026-05-08,2026,5,tanggal,DKI Jakarta,Jakarta Timur,SDN Cakung Timur 01 | SDN Ujung Menteng 02 | SDN Ujung Menteng 03,252 Siswa,252,angka_literal,3,1,https://news.detik.com/berita/d-8481654/252-siswa-di-jaktim-diduga-keracunan-mbg-alami-gejala-usai-makan-pangsit-tahu,"[""https://news.detik.com/berita/d-8481654/252-siswa-di-jaktim-diduga-keracunan-mbg-alami-gejala-usai-makan-pangsit-tahu""]",,belum_diperiksa_individual,True,,29876794,2026-09-18
W29876794-r795c6,9 Mei 2026,2026-05-09,2026,5,tanggal,Sulawesi Tenggara,Kolaka,SDN 3 Watubangga,11 Siswa,11,angka_literal,1,1,https://penafaktual.com/sakit-perut-hingga-muntah-muntah-11-siswa-sd-di-kolaka-tumbang-usai-makan-program-mbg/,"[""https://penafaktual.com/sakit-perut-hingga-muntah-muntah-11-siswa-sd-di-kolaka-tumbang-usai-makan-program-mbg/""]",,belum_diperiksa_individual,True,,29876794,2026-09-18
W29876794-r606c6,11 Mei 2026,2026-05-11,2026,5,tanggal,Jawa Timur,Kota Surabaya,TK Ubaid | TK Aletheia | SD Tembok Dukuh 1 | SD Tembok Dukuh 3 | SDN Tembok Dukuh 4 | SD Aletheia | SD Pancasila 45 | SD Raden Wijaya | SD Ubaid 1 | SD Ubaid 2 | SMP Aletheia | SMP Islam | RW X Demak Jaya (warga terdampak),210 Siswa,210,angka_literal,13,1,https://www.detik.com/jatim/berita/d-8489569/keracunan-mbg-210-siswa-surabaya-bongkar-banyak-sppg-tak-kantongi-slhs,"[""https://www.detik.com/jatim/berita/d-8489569/keracunan-mbg-210-siswa-surabaya-bongkar-banyak-sppg-tak-kantongi-slhs""]",,belum_diperiksa_individual,True,,29876794,2026-09-18
W29876794-r227c6,13 Mei 2026,2026-05-13,2026,5,tanggal,Jawa Barat,Cianjur,SD Negeri Ciadeg,19 Siswa,19,angka_literal,1,1,https://cianjurekspres.disway.id/metropolis/read/20901/belasan-siswa-sd-di-pagelaran-cianjur-diduga-keracunan-usai-konsumsi-mbg-dan-jajanan-es,"[""https://cianjurekspres.disway.id/metropolis/read/20901/belasan-siswa-sd-di-pagelaran-cianjur-diduga-keracunan-usai-konsumsi-mbg-dan-jajanan-es""]",,belum_diperiksa_individual,True,,29876794,2026-09-18
W29876794-r692c6,13 Mei 2026,2026-05-13,2026,5,tanggal,Nusa Tenggara Timur,Kupang,SDN Onitua,23 Siswa,23,angka_literal,1,1,https://atlasnews.id/daerah/geger-23-siswa-di-kupang-barat-diduga-keracunan-mbg-puskesmas-batakte-sigap-beri-pertolongan-pertama/,"[""https://atlasnews.id/daerah/geger-23-siswa-di-kupang-barat-diduga-keracunan-mbg-puskesmas-batakte-sigap-beri-pertolongan-pertama/""]",,belum_diperiksa_individual,True,,29876794,2026-09-18
W29876794-r422c6,18 Mei 2026,2026-05-18,2026,5,tanggal,Jawa Tengah,Temanggung,SMP Negeri 4 Temanggung dan 7 Sekolah Lainnya,323 orang,323,angka_literal,1,1,https://jateng.murianews.com/zulkifli-fahmi/467568/ratusan-siswa-guru-di-temanggung-keracunan-mbg-sppg-minta-maaf,"[""https://jateng.murianews.com/zulkifli-fahmi/467568/ratusan-siswa-guru-di-temanggung-keracunan-mbg-sppg-minta-maaf""]",,belum_diperiksa_individual,True,,29876794,2026-09-18
W29876794-r107c6,20 Mei 2026,2026-05-20,2026,5,tanggal,Jambi,Kota Jambi,SMKN 1 Kota Jambi,8 Siswa,8,angka_literal,1,1,https://jambi.tribunnews.com/makalam/1196531/delapan-pelajar-smkn-1-jambi-mual-hingga-muntah-setelah-santap-mbg-tadi-pagi,"[""https://jambi.tribunnews.com/makalam/1196531/delapan-pelajar-smkn-1-jambi-mual-hingga-muntah-setelah-santap-mbg-tadi-pagi""]",,belum_diperiksa_individual,True,,29876794,2026-09-18
W29876794-r552c6,20 Mei 2026,2026-05-20,2026,5,tanggal,Jawa Timur,Jember,PAUD Qur’an Raudlatul Tulab | TK Al-Hidayah 01 | RA Hidayatul Mubtadiin | PAUD Aster 29 | TK Kuncup Bunga,25 Siswa,25,angka_literal,5,1,https://surabaya.kompas.com/read/2026/05/24/101632678/diduga-abaikan-edaran-bgn-dan-buat-25-anak-di-jember-keracunan-sppg?page=all,"[""https://surabaya.kompas.com/read/2026/05/24/101632678/diduga-abaikan-edaran-bgn-dan-buat-25-anak-di-jember-keracunan-sppg?page=all""]",,belum_diperiksa_individual,True,,29876794,2026-09-18
W29876794-r292c6,21 Mei 2026,2026-05-21,2026,5,tanggal,Jawa Barat,Garut,SD Negeri 2 Hegarsari,57 Siswa,57,angka_literal,1,1,https://prianganinsider.pikiran-rakyat.com/priangan/pr-38310221715/heboh-di-garut-program-mbg-berujung-dugaan-keracunan-massal-orang-tua-panik,"[""https://prianganinsider.pikiran-rakyat.com/priangan/pr-38310221715/heboh-di-garut-program-mbg-berujung-dugaan-keracunan-massal-orang-tua-panik""]",,belum_diperiksa_individual,True,,29876794,2026-09-18
W29876794-r646c6,21 Mei 2026,2026-05-21,2026,5,tanggal,Jawa Timur,Gresik,SDN 238 Menganti,14 Siswa,14,angka_literal,1,1,https://mediabangsanews.com/2026/05/25/belasan-siswa-sdn-238-menganti-diduga-keracunan-mbg-orang-tua-soroti-kelalaian-pengelola-sppg/,"[""https://mediabangsanews.com/2026/05/25/belasan-siswa-sdn-238-menganti-diduga-keracunan-mbg-orang-tua-soroti-kelalaian-pengelola-sppg/""]",,belum_diperiksa_individual,True,,29876794,2026-09-18
W29876794-r158c6,22 Mei 2026,2026-05-22,2026,5,tanggal,Kalimantan Barat,Sambas,SD (Spesiftik tidak disebutkan),15 Siswa,15,angka_literal,1,1,https://mataexpose.co.id/post/15-siswa-sd-di-sambas-diduga-alami-keracunan-usai-santap-menu-makan-bergizi-gratis-investigasi-dapur-mitra-dimulai,"[""https://mataexpose.co.id/post/15-siswa-sd-di-sambas-diduga-alami-keracunan-usai-santap-menu-makan-bergizi-gratis-investigasi-dapur-mitra-dimulai""]",,belum_diperiksa_individual,True,,29876794,2026-09-18
W29876794-r211c6,22 Mei 2026,2026-05-22,2026,5,tanggal,DKI Jakarta,Jakarta Barat,SMPN 82 Jakarta,116 Siswa,116,angka_literal,1,1,https://megapolitan.kompas.com/read/2026/05/26/15212251/116-siswa-smp-di-grogol-jakbar-diduga-keracunan-usai-santap-mbg,"[""https://megapolitan.kompas.com/read/2026/05/26/15212251/116-siswa-smp-di-grogol-jakbar-diduga-keracunan-usai-santap-mbg""]",,belum_diperiksa_individual,True,,29876794,2026-09-18
W29876794-r195c6,24 Mei 2026,2026-05-24,2026,5,tanggal,Banten,Serang,SMAN 1 Padarincang,32 Siswa,32,angka_literal,1,1,https://www.asatunews.co.id/siswa-sman-1-padarincang-serang-keracunan-makan-bergizi-gratis,"[""https://www.asatunews.co.id/siswa-sman-1-padarincang-serang-keracunan-makan-bergizi-gratis""]",,belum_diperiksa_individual,True,,29876794,2026-09-18
W29876794-r348c6,29 Mei 2026,2026-05-29,2026,5,tanggal,Jawa Barat,Majalengka,SMP ( Spesifik tidak disebutkan) | SMA ( Spesifik tidak disebutkan),22 Siswa,22,angka_literal,2,1,https://www.detik.com/jabar/cirebon-raya/d-8512997/sppg-di-talaga-majalengka-disetop-sementara-usai-22-siswa-dirawat-rs,"[""https://www.detik.com/jabar/cirebon-raya/d-8512997/sppg-di-talaga-majalengka-disetop-sementara-usai-22-siswa-dirawat-rs""]",,belum_diperiksa_individual,True,,29876794,2026-09-18
W29876794-r100c6,4 Juni 2026,2026-06-04,2026,6,tanggal,Bengkulu,Kepahiang,SDN 18 Taba Tebelet,16 Orang,16,angka_literal,1,1,https://betv.disway.id/daerah/read/73679/bertambah-menjadi-16-orang-korban-keracunan-mbg-di-kepahiang-termasuk-guru-dan-penjaga-sekolah,"[""https://betv.disway.id/daerah/read/73679/bertambah-menjadi-16-orang-korban-keracunan-mbg-di-kepahiang-termasuk-guru-dan-penjaga-sekolah""]",,belum_diperiksa_individual,True,,29876794,2026-09-18
W29876794-r633c6,4 Juni 2026,2026-06-04,2026,6,tanggal,Jawa Timur,Bangkalan,SMAN 1 Kokop,84 Siswa,84,angka_literal,1,1,https://www.detik.com/jatim/berita/d-8518917/total-84-siswa-sman-1-kokop-bangkalan-keracunan-mbg-12-masih-dirawat,"[""https://www.detik.com/jatim/berita/d-8518917/total-84-siswa-sman-1-kokop-bangkalan-keracunan-mbg-12-masih-dirawat""]",,belum_diperiksa_individual,True,,29876794,2026-09-18
W29876794-r693c6,6 Juni 2026,2026-06-06,2026,6,tanggal,Nusa Tenggara Timur,Kupang,SDN Tapen,8 Siswa 1 Guru,9,angka_literal,1,1,https://atlasnews.id/daerah/diduga-keracunan-mbg-delapan-siswa-dan-seorang-guru-di-takari-jalani-observasi-medis/,"[""https://atlasnews.id/daerah/diduga-keracunan-mbg-delapan-siswa-dan-seorang-guru-di-takari-jalani-observasi-medis/""]",,belum_diperiksa_individual,True,,29876794,2026-09-18
W29876794-r277c6,18 Juni 2026,2026-06-18,2026,6,tanggal,Jawa Barat,Sukabumi,Satu Keluarga,3 Orang,3,angka_literal,1,1,https://www.liputan6.com/regional/read/7894521/ibu-dan-dua-anak-diduga-keracunan-susu-mbg-ini-kata-pengelola-sppg,"[""https://www.liputan6.com/regional/read/7894521/ibu-dan-dua-anak-diduga-keracunan-susu-mbg-ini-kata-pengelola-sppg""]",,belum_diperiksa_individual,True,,29876794,2026-09-18
W29876794-r557c6,15 Juli 2026,2026-07-15,2026,7,tanggal,Jawa Timur,Jember,TK (Spesifik tidak disebutkan) | SDN Karangsono,29 Siswa,29,angka_literal,2,1,https://k-radiojember.com/artikel/29-korban-diduga-keracunan-mbg-satgas-temukan-pelanggaran-sop-di-dapur-karangsono,"[""https://k-radiojember.com/artikel/29-korban-diduga-keracunan-mbg-satgas-temukan-pelanggaran-sop-di-dapur-karangsono""]",,belum_diperiksa_individual,True,,29876794,2026-09-18
W29876794-r430c6,20 Juli 2026,2026-07-20,2026,7,tanggal,Jawa Tengah,Blora,SD Negeri Sendangrejo,19 Siswa,19,angka_literal,1,1,https://www.bloraweb.com/2026/07/19-siswa-keracunan-mbg-enam-masih.html,"[""https://www.bloraweb.com/2026/07/19-siswa-keracunan-mbg-enam-masih.html""]",,belum_diperiksa_individual,True,,29876794,2026-09-18
W29876794-r476c6,21 Juli 2026,2026-07-21,2026,7,tanggal,Daerah Istimewa Yogyakarta,Kulon Progo,SD (Spesifik tidak disebutkan) | MI Ma'arif | SMP Negeri 3 Wates | Ibu Menyusui,124 Orang,124,angka_literal,4,1,https://www.instagram.com/p/DbDg62fTCv5/,"[""https://www.instagram.com/p/DbDg62fTCv5/""]",,belum_diperiksa_individual,True,,29876794,2026-09-18
W29876794-r647c6,21 Juli 2026,2026-07-21,2026,7,tanggal,Jawa Timur,Kota Malang,SDN Kauman 1,33 Siswa,33,angka_literal,1,1,https://afu.id/nusantara/33-siswa-sdn-kauman-1-malang-keracunan-distribusi-mbg-dihentikan-usai-temuan-e-coli,"[""https://afu.id/nusantara/33-siswa-sdn-kauman-1-malang-keracunan-distribusi-mbg-dihentikan-usai-temuan-e-coli""]",,belum_diperiksa_individual,True,,29876794,2026-09-18
W29876794-r293c6,22 Juli 2026,2026-07-22,2026,7,tanggal,Jawa Barat,Garut,Ponpes Al Mansuriah | PAUD Al-Mukhtar | SDN 1 Sindangsuka | SDN 3 Sindangsuka | SDN 5 Sindangsuka,117 Orang,117,angka_literal,5,1,https://transtwonews.com/2026/07/sebanyak-117-orang-diduga-keracunan-makan-bergizi-gratis-kembali-terulang-di-garut-jawa-barat/,"[""https://transtwonews.com/2026/07/sebanyak-117-orang-diduga-keracunan-makan-bergizi-gratis-kembali-terulang-di-garut-jawa-barat/""]",,belum_diperiksa_individual,True,,29876794,2026-09-18
W29876794-r648c6,22 Juli 2026,2026-07-22,2026,7,tanggal,Jawa Timur,Pasuruan,SMAN 1 Pandaan,14 Siswa,14,angka_literal,1,1,https://beritajatim.com/diduga-keracunan-makanan-mbg-14-siswa-sman-1-pandaan-mual-dan-muntah-9-dilarikan-ke-igd,"[""https://beritajatim.com/diduga-keracunan-makanan-mbg-14-siswa-sman-1-pandaan-mual-dan-muntah-9-dilarikan-ke-igd""]",,belum_diperiksa_individual,True,,29876794,2026-09-18
W29876794-r117c6,23 Juli 2026,2026-07-23,2026,7,tanggal,Lampung,Tanggamus,SMPN 1 Talangpadang,23 Siswa,23,angka_literal,1,1,https://www.instagram.com/p/DbMx8XJj0s3/,"[""https://www.instagram.com/p/DbMx8XJj0s3/""]",,belum_diperiksa_individual,True,,29876794,2026-09-18
W29876794-r640c6,23 Juli 2026,2026-07-23,2026,7,tanggal,Jawa Timur,Kediri,TK Kusuma Mulya Krandang | MI Barokah | SDN Purwodadi 1 | SDN Krandang 2 | SMPN 1 Kras | nonsekolah kategori 3B,211 Orang,211,angka_literal,6,1,https://kediritangguh.co/update-keracunan-211-orang-alami-gejala-usai-santap-mbg-di-kediri-kadinkes-penghentian-sppg-kewenangan-bgn/,"[""https://kediritangguh.co/update-keracunan-211-orang-alami-gejala-usai-santap-mbg-di-kediri-kadinkes-penghentian-sppg-kewenangan-bgn/""]",,belum_diperiksa_individual,True,,29876794,2026-09-18
W29876794-r143c6,24 Juli 2026,2026-07-24,2026,7,tanggal,Lampung,Pesawaran,SDN 22 Ogan 2 Trimulyo,33 Orang,33,angka_literal,1,1,https://www.detik.com/sumbagsel/berita/d-8588523/puluhan-siswa-guru-sd-di-pesawaran-keracunan-diduga-usai-santap-menu-mbg,"[""https://www.detik.com/sumbagsel/berita/d-8588523/puluhan-siswa-guru-sd-di-pesawaran-keracunan-diduga-usai-santap-menu-mbg""]",,belum_diperiksa_individual,True,,29876794,2026-09-18
W29876794-r578c6,27 Juli 2026,2026-07-27,2026,7,tanggal,Jawa Timur,Tulungagung,"Warga (Pelajar, Guru, Balita, Bumil dan Busui)",103 Orang,103,angka_literal,1,1,,[],tanpa_rujukan,belum_diperiksa_individual,False,tanpa_rujukan,29876794,2026-09-18
W29876794-r161c6,28 Juli 2026,2026-07-28,2026,7,tanggal,Kalimantan Tengah,Seruyan,SMPN 1 Kuala Pembuang,156 Orang,156,angka_literal,1,1,https://www.detik.com/kalimantan/berita/d-8601733/sppg-di-seruyan-dihentikan-usai-156-penerima-mbg-diduga-keracunan,"[""https://www.detik.com/kalimantan/berita/d-8601733/sppg-di-seruyan-dihentikan-usai-156-penerima-mbg-diduga-keracunan""]",,belum_diperiksa_individual,True,,29876794,2026-09-18
W29876794-r278c6,28 Juli 2026,2026-07-28,2026,7,tanggal,Jawa Barat,Sukabumi,SDN Bojong koneng,39 Siswa,39,angka_literal,1,1,https://jabar.idntimes.com/news/jawa-barat/puluhan-siswa-sd-di-sukabumi-keracunan-susu-mbg-diduga-kedaluwarsa-00-6snxf-yg9t08,"[""https://jabar.idntimes.com/news/jawa-barat/puluhan-siswa-sd-di-sukabumi-keracunan-susu-mbg-diduga-kedaluwarsa-00-6snxf-yg9t08""]",,belum_diperiksa_individual,True,,29876794,2026-09-18
W29876794-r771c6,29 Juli 2026,2026-07-29,2026,7,tanggal,Sulawesi Tengah,Buol,SDN 1 Bokat | SDN 2 Bokat,15 Siswa,15,angka_literal,2,1,https://radarpalu.jawapos.com/sulteng/2607290023/lagi-15-siswa-sd-di-bokat-kabupaten-buol-keracunan-setelah-konsumsi-mbg,"[""https://radarpalu.jawapos.com/sulteng/2607290023/lagi-15-siswa-sd-di-bokat-kabupaten-buol-keracunan-setelah-konsumsi-mbg""]",,belum_diperiksa_individual,True,,29876794,2026-09-18
W29876794-r443c6,31 Juli 2026,2026-07-31,2026,7,tanggal,Jawa Tengah,Kota Semarang,SMKN 6 Semarang,707 Siswa,707,angka_literal,1,1,https://www.kompas.id/artikel/707-siswa-dan-guru-smkn-6-semarang-keracunan-massal-usai-santap-mbg,"[""https://www.kompas.id/artikel/707-siswa-dan-guru-smkn-6-semarang-keracunan-massal-usai-santap-mbg""]",,belum_diperiksa_individual,True,,29876794,2026-09-18
W29876794-r464c6,31 Juli 2026,2026-07-31,2026,7,tanggal,Jawa Tengah,Kota Surakarta,SDII Al Abidin Solo,108 Siswa,108,angka_literal,1,1,https://www.merahputih.com/,"[""https://www.merahputih.com/""]",rujukan_hanya_beranda,belum_diperiksa_individual,False,rujukan_hanya_beranda,29876794,2026-09-18
W29876794-r173c6,3 Agustus 2026,2026-08-03,2026,8,tanggal,Kalimantan Timur,Kutai Kartanegara,SDN 025 Sebulu | SDN 003 Sebulu | MI (Spesifik tidak disebutkan) | MTS (Spesifik tidak disebutkan),46 Orang,46,angka_literal,4,1,https://eksposkaltim.com/berita-18043-dugaan-keracunan-massal-mbg-di-kukar-puluhan-pelajar-dilarikan-ke-puskesmas-.html,"[""https://eksposkaltim.com/berita-18043-dugaan-keracunan-massal-mbg-di-kukar-puluhan-pelajar-dilarikan-ke-puskesmas-.html""]",,belum_diperiksa_individual,True,,29876794,2026-09-18
W29876794-r480c6,3 Agustus 2026,2026-08-03,2026,8,tanggal,Daerah Istimewa Yogyakarta,Kulon Progo,SMK Negeri 1 Nanggulan,Ratusan Siswa,,kualitatif,1,1,https://radarmalioboro.jawapos.com/pemerintahan/2608060016/ratusan-siswa-di-nanggulan-diduga-keracunan-mbg-dinkes-kulon-progo-kesulitan-ambil-sampel-makanan,"[""https://radarmalioboro.jawapos.com/pemerintahan/2608060016/ratusan-siswa-di-nanggulan-diduga-keracunan-mbg-dinkes-kulon-progo-kesulitan-ambil-sampel-makanan""]",,belum_diperiksa_individual,False,kualitatif,29876794,2026-09-18
W29876794-r490c6,3 Agustus 2026,2026-08-03,2026,8,tanggal,Daerah Istimewa Yogyakarta,Sleman,TBA (Spesifik tidak disebutkan),25 Orang,25,angka_literal,1,1,https://jogja.tribunnews.com/diy/1220268/puluhan-siswa-sd-di-prambanan-sleman-alami-keracunan-diduga-karena-mbg,"[""https://jogja.tribunnews.com/diy/1220268/puluhan-siswa-sd-di-prambanan-sleman-alami-keracunan-diduga-karena-mbg""]",,belum_diperiksa_individual,True,,29876794,2026-09-18
W29876794-r400c6,4 Agustus 2026,2026-08-04,2026,8,tanggal,Jawa Tengah,Jepara,SMPN 2 Jepara,123 Orang,123,angka_literal,1,1,https://jateng.tribunnews.com/jawa-tengah/1262214/diare-dan-muntah-123-siswa-dan-guru-smpn-2-jepara-diduga-keracunan-mbg,"[""https://jateng.tribunnews.com/jawa-tengah/1262214/diare-dan-muntah-123-siswa-dan-guru-smpn-2-jepara-diduga-keracunan-mbg""]",,belum_diperiksa_individual,True,,29876794,2026-09-18
W29876794-r815c6,4 Agustus 2026,2026-08-04,2026,8,tanggal,Papua,Jayapura,Paud Panumba | SD (Spesifik tidak disebutkan) | SMPN 1 Depapre,543 Orang,543,angka_literal,3,1,https://papuatengah.tribunnews.com/jayapura/6832/kasus-dugaan-keracunan-mbg-di-depapre-tembus-543-orang-pemkab-jayapura-korban-didominasi-anak-anak,"[""https://papuatengah.tribunnews.com/jayapura/6832/kasus-dugaan-keracunan-mbg-di-depapre-tembus-543-orang-pemkab-jayapura-korban-didominasi-anak-anak""]",,belum_diperiksa_individual,True,,29876794,2026-09-18
W29876794-r177c6,5 Agustus 2026,2026-08-05,2026,8,tanggal,Kalimantan Timur,Kota Bontang,TBA (Spesifik tidak disebutkan),27 Siswa,27,angka_literal,1,1,https://www.detik.com/kalimantan/berita/d-8614428/puluhan-siswa-di-bontang-sakit-usai-santap-mbg-2-kepala-sppg-dicopot,"[""https://www.detik.com/kalimantan/berita/d-8614428/puluhan-siswa-di-bontang-sakit-usai-santap-mbg-2-kepala-sppg-dicopot""]",,belum_diperiksa_individual,True,,29876794,2026-09-18
W29876794-r406c6,5 Agustus 2026,2026-08-05,2026,8,tanggal,Jawa Tengah,Rembang,SMPN 5 Rembang,299 Orang,299,angka_literal,1,1,https://www.rmoljawatengah.id/korban-dugaan-keracunan-mbg-rembang-bertambah-jadi-299-orang,"[""https://www.rmoljawatengah.id/korban-dugaan-keracunan-mbg-rembang-bertambah-jadi-299-orang""]",,belum_diperiksa_individual,True,,29876794,2026-09-18
W29876794-r228c6,6 Agustus 2026,2026-08-06,2026,8,tanggal,Jawa Barat,Cianjur,MTS Al - Hidayah | MA Al - Hidayah,250 Siswa,250,angka_literal,2,1,https://inilahcianjur.com/2026/08/250-siswa-tumbang-usai-santap-mbg-dugaan-keracunan-gegerkan-warungkondang/,"[""https://inilahcianjur.com/2026/08/250-siswa-tumbang-usai-santap-mbg-dugaan-keracunan-gegerkan-warungkondang/""]",,belum_diperiksa_individual,True,,29876794,2026-09-18
W29876794-r333c6,7 Agustus 2026,2026-08-07,2026,8,tanggal,Jawa Barat,Bogor,SDN Ciherang 01 | SDN Ciherang 02 | SDN Ciherang 04 | SD IT Darul Hijrin,33 Siswa,33,angka_literal,4,1,https://pakuanraya.com/pemkab-bogor-investigasi-kasus-keracunan-massal-mbg-yang-timpa-puluhan-siswa-sd-di-dramaga/,"[""https://pakuanraya.com/pemkab-bogor-investigasi-kasus-keracunan-massal-mbg-yang-timpa-puluhan-siswa-sd-di-dramaga/""]",,belum_diperiksa_individual,True,,29876794,2026-09-18
W29876794-r426c6,7 Agustus 2026,2026-08-07,2026,8,tanggal,Jawa Tengah,Magelang,SMP Negeri 3 Candimulyo,28 Siswa,28,angka_literal,1,1,https://www.detik.com/jateng/berita/d-8609653/korban-keracunan-mbg-di-candimulyo-magelang-capai-28-orang,"[""https://www.detik.com/jateng/berita/d-8609653/korban-keracunan-mbg-di-candimulyo-magelang-capai-28-orang""]",,belum_diperiksa_individual,True,,29876794,2026-09-18
W29876794-r416c6,10 Agustus 2026,2026-08-10,2026,8,tanggal,Jawa Tengah,Banyumas,MAN 2 Banyumas,165 Siswa,165,angka_literal,1,1,https://www.detik.com/jateng/berita/d-8615906/165-siswa-man-2-banyumas-diduga-keracunan-mbg-104-masih-bergejala,"[""https://www.detik.com/jateng/berita/d-8615906/165-siswa-man-2-banyumas-diduga-keracunan-mbg-104-masih-bergejala""]",,belum_diperiksa_individual,True,,29876794,2026-09-18
W29876794-r621c6,11 Agustus 2026,2026-08-11,2026,8,tanggal,Jawa Timur,Trenggalek,SDI Lukman Al Hakim | SMPN 1 Trenggalek,423 Siswa,423,angka_literal,2,1,https://www.detik.com/jatim/berita/d-8616277/jumlah-siswa-keracunan-mbg-di-trenggalek-bertambah-ada-yang-rawat-inap,"[""https://www.detik.com/jatim/berita/d-8616277/jumlah-siswa-keracunan-mbg-di-trenggalek-bertambah-ada-yang-rawat-inap""]",,belum_diperiksa_individual,True,,29876794,2026-09-18
W29876794-r368c6,12 Agustus 2026,2026-08-12,2026,8,tanggal,Jawa Tengah,Karanganyar,TBA (Spesifik tidak disebutkan),1 Orang,1,angka_literal,1,1,https://trends.tribunnews.com/news/122594/muntah-3-kali-usai-cicipi-mbg-kepala-sppg-karanganyar-selamatkan-3000-siswa-dari-keracunan-massal,"[""https://trends.tribunnews.com/news/122594/muntah-3-kali-usai-cicipi-mbg-kepala-sppg-karanganyar-selamatkan-3000-siswa-dari-keracunan-massal""]",,belum_diperiksa_individual,True,,29876794,2026-09-18
W29876794-r19c6,13 Agustus 2026,2026-08-13,2026,8,tanggal,Sumatera Utara,Karo,SMP Negeri 3 Kabanjahe | SMP Swasta Bersama | SMAN 1 Berastagi | SMK Swasta Bersama | SMA Swasta Bersama,361 Siswa,361,angka_literal,5,1,https://news.harianjogja.com/r-1267563/361-siswa-diduga-keracunan-mbg-di-karo-1-dirawat-intensif-di-medan,"[""https://news.harianjogja.com/r-1267563/361-siswa-diduga-keracunan-mbg-di-karo-1-dirawat-intensif-di-medan""]",,belum_diperiksa_individual,True,,29876794,2026-09-18
W29876794-r77c6,13 Agustus 2026,2026-08-13,2026,8,tanggal,Riau,Kota Dumai,SDN 013 Buluh Kasap | SDN 015 Buluh Kasap,42 Siswa,42,angka_literal,2,1,https://pekanbaru.inews.id/read/709211/puluhan-siswa-sd-di-dumai-keracunan-mbg,"[""https://pekanbaru.inews.id/read/709211/puluhan-siswa-sd-di-dumai-keracunan-mbg"", ""https://pekanbaru.inews.id/""]",,belum_diperiksa_individual,True,,29876794,2026-09-18
W29876794-r346c6,14 Agustus 2026,2026-08-14,2026,8,tanggal,Jawa Barat,Kota Sukabumi,Pondok Pesantren Baiti Jannati,134 Santri,134,angka_literal,1,1,https://sukabumisatu.com/dugaan-keracunan-massal-mbg-di-ponpes-baiti-jannati-sukabumi-134-santri-tumbang-pengawasan-penyedia-makanan-dipertanyakan/,"[""https://sukabumisatu.com/dugaan-keracunan-massal-mbg-di-ponpes-baiti-jannati-sukabumi-134-santri-tumbang-pengawasan-penyedia-makanan-dipertanyakan/""]",,belum_diperiksa_individual,True,,29876794,2026-09-18
W29876794-r384c6,14 Agustus 2026,2026-08-14,2026,8,tanggal,Jawa Tengah,Klaten,SDIT Muhammadiyah Sinar Fajar,178 Siswa,178,angka_literal,1,1,https://radarsolo.jawapos.com/klaten/2608160033/nugget-mbg-diduga-jadi-biang-keracunan-ratusan-siswa-dan-guru-dinkes-klaten-ambil-sampel-makanan,"[""https://radarsolo.jawapos.com/klaten/2608160033/nugget-mbg-diduga-jadi-biang-keracunan-ratusan-siswa-dan-guru-dinkes-klaten-ambil-sampel-makanan""]",,belum_diperiksa_individual,True,,29876794,2026-09-18
W29876794-r74c6,18 Agustus 2026,2026-08-18,2026,8,tanggal,Riau,Kampar,SDN 008 Rimba Beringin | SMKN 1 Tapung Hulu,141 Orang,141,angka_literal,2,1,https://bukamata.co/kesehatan/501315543/petaka-program-mbg-kampar-141-siswa-dan-15-guru-keracunan-massal-dapur-penyedia-ternyata-tak-punya-izin-sanitasi,"[""https://bukamata.co/kesehatan/501315543/petaka-program-mbg-kampar-141-siswa-dan-15-guru-keracunan-massal-dapur-penyedia-ternyata-tak-punya-izin-sanitasi""]",,belum_diperiksa_individual,True,,29876794,2026-09-18
W29876794-r761c6,20 Agustus 2026,2026-08-20,2026,8,tanggal,Sulawesi Tengah,Banggai Kepulauan,SDN Mata | SDN Kanali | SD Muhammadiyah Peling,51 Orang,51,angka_literal,3,1,https://portal.banggaikep.go.id/puluhan-siswa-di-banggai-kepulauan-diduga-keracunan-usai-santap-mbg-pemda-bangkep-turun-ke-lokasi/,"[""https://portal.banggaikep.go.id/puluhan-siswa-di-banggai-kepulauan-diduga-keracunan-usai-santap-mbg-pemda-bangkep-turun-ke-lokasi/""]",,belum_diperiksa_individual,True,,29876794,2026-09-18
W29876794-r465c6,21 Agustus 2026,2026-08-21,2026,8,tanggal,Jawa Tengah,Kota Surakarta,SMAN 6 Surakarta,175 Siswa,175,angka_literal,1,1,https://solo.tribunnews.com/solo/349142/175-siswa-sma-n-6-solo-keracunan-mbg-sppg-langsung-kena-suspend,"[""https://solo.tribunnews.com/solo/349142/175-siswa-sma-n-6-solo-keracunan-mbg-sppg-langsung-kena-suspend""]",,belum_diperiksa_individual,True,,29876794,2026-09-18
W29876794-r466c6,21 Agustus 2026,2026-08-21,2026,8,tanggal,Jawa Tengah,Boyolali,SMPN 2 Boyolali | SMPN 6 Boyolali,100 Orang,100,angka_literal,2,1,https://www.detik.com/jateng/berita/d-8629066/seratusan-murid-guru-2-smpn-di-boyolali-diduga-keracunan-mbg,"[""https://www.detik.com/jateng/berita/d-8629066/seratusan-murid-guru-2-smpn-di-boyolali-diduga-keracunan-mbg""]",,belum_diperiksa_individual,True,,29876794,2026-09-18
W29876794-r649c6,1 September 2026,2026-09-01,2026,9,tanggal,Jawa Timur,Sidoarjo,Ponpes Manba'ul Hikam | MTS | MA | 16 Lembaga Pendidikan Lainnya,748 Orang,748,angka_literal,4,1,https://www.detik.com/jatim/berita/d-8648306/korban-keracunan-mbg-di-sidoarjo-jadi-748-orang,"[""https://www.detik.com/jatim/berita/d-8648306/korban-keracunan-mbg-di-sidoarjo-jadi-748-orang""]",,angka_didukung_artikel_diperiksa,True,,29876794,2026-09-18
W29876794-r31c6,2 September 2026,2026-09-02,2026,9,tanggal,Sumatera Barat,Agam,SD (Spesifik tidak disebutkan) | SMP Negeri 1 Palupuh,344 Orang,344,angka_literal,2,1,https://sumbarkita.id/korban-keracunan-mbg-di-agam-capai-344-orang-lima-masih-dirawat/,"[""https://sumbarkita.id/korban-keracunan-mbg-di-agam-capai-344-orang-lima-masih-dirawat/""]",,belum_diperiksa_individual,True,,29876794,2026-09-18
W29876794-r528c6,2 September 2026,2026-09-02,2026,9,tanggal,Jawa Timur,Nganjuk,SMAN 3 Nganjuk,127 Siswa,127,angka_literal,1,1,https://kabarbaik.co/bupati-marhaen-pantau-korban-keracunan-mbg-di-nganjuk-yang-tembus-127-siswa/,"[""https://kabarbaik.co/bupati-marhaen-pantau-korban-keracunan-mbg-di-nganjuk-yang-tembus-127-siswa/""]",,belum_diperiksa_individual,True,,29876794,2026-09-18
W29876794-r626c6,2 September 2026,2026-09-02,2026,9,tanggal,Jawa Timur,Jombang,SMPN 1 Kabuh,260 Orang,260,angka_literal,1,1,https://surabaya.kompas.com/read/2026/09/04/182005678/korban-diduga-keracunan-mbg-di-jombang-bertambah-jadi-260-orang-dinkes,"[""https://surabaya.kompas.com/read/2026/09/04/182005678/korban-diduga-keracunan-mbg-di-jombang-bertambah-jadi-260-orang-dinkes""]",,belum_diperiksa_individual,True,,29876794,2026-09-18
W29876794-r785c6,2 September 2026,2026-09-02,2026,9,tanggal,Sulawesi Selatan,Tana Toraja,SMP Negeri 1 Makale | SMP Negeri 2 Makale,193 Siswa,193,angka_literal,2,1,https://www.cnnindonesia.com/nasional/20260911180218-20-1402945/keracunan-massal-mbg-toraja-ayam-bumbu-kuning-positif-bakteri,"[""https://www.cnnindonesia.com/nasional/20260911180218-20-1402945/keracunan-massal-mbg-toraja-ayam-bumbu-kuning-positif-bakteri""]",,belum_diperiksa_individual,True,,29876794,2026-09-18
W29876794-r9c6,2 September 2026,2026-09-02,2026,9,tanggal,Aceh,Bener Meriah,SDN Bukit Mulie,16 Orang,16,angka_literal,1,1,https://gayo.tribunnews.com/bener-meriah/54004/breaking-news-belasan-siswa-sd-di-bener-meriah-diduga-keracunan-mbg-wartawan-diancam-oknum-tni,"[""https://gayo.tribunnews.com/bener-meriah/54004/breaking-news-belasan-siswa-sd-di-bener-meriah-diduga-keracunan-mbg-wartawan-diancam-oknum-tni""]",,belum_diperiksa_individual,True,,29876794,2026-09-18
W29876794-r385c6,3 September 2026,2026-09-03,2026,9,tanggal,Jawa Tengah,Klaten,MIM Srebegan | MIM Cetan,313 Siswa,313,angka_literal,2,1,https://regional.kompas.com/read/2026/09/04/194652378/313-siswa-mim-di-klaten-diduga-keracunan-mbg-76-diperiksa-dan-tak-ada-yang,"[""https://regional.kompas.com/read/2026/09/04/194652378/313-siswa-mim-di-klaten-diduga-keracunan-mbg-76-diperiksa-dan-tak-ada-yang""]",,belum_diperiksa_individual,True,,29876794,2026-09-18
W29876794-r407c6,3 September 2026,2026-09-03,2026,9,tanggal,Jawa Tengah,Rembang,SMAN 1 Lasem,777 Orang,777,angka_literal,1,1,https://mediaindonesia.com/nusantara/929333/777-siswa-dan-guru-sma-negeri-1-lasem-rembang-diduga-keracunan-makan-bergizi-grati,"[""https://mediaindonesia.com/nusantara/929333/777-siswa-dan-guru-sma-negeri-1-lasem-rembang-diduga-keracunan-makan-bergizi-grati""]",,angka_didukung_artikel_diperiksa,True,,29876794,2026-09-18
W29876794-r101c6,4 September 2026,2026-09-04,2026,9,tanggal,Bengkulu,Kota Bengkulu,SDN 59 Kota Bengkulu,7 Siswa,7,angka_literal,1,1,https://www.tempo.co/politik/keracunan-mbg-terus-terjadi-kali-ini-terjadi-di-bengkulu-2285541,"[""https://www.tempo.co/politik/keracunan-mbg-terus-terjadi-kali-ini-terjadi-di-bengkulu-2285541""]",,belum_diperiksa_individual,True,,29876794,2026-09-18
W29876794-r522c6,4 September 2026,2026-09-04,2026,9,tanggal,Daerah Istimewa Yogyakarta,Bantul,SDN 1 Sumberagung | SD Patalan | SD Sawahan | SD Kembangsongo,70 Orang,70,angka_literal,4,1,https://regional.espos.id/korban-keracunan-mbg-di-jetis-bantul-bertambah-jadi-70-orang-2249417/amp,"[""https://regional.espos.id/korban-keracunan-mbg-di-jetis-bantul-bertambah-jadi-70-orang-2249417/amp""]",,belum_diperiksa_individual,True,,29876794,2026-09-18
W29876794-r401c6,7 September 2026,2026-09-07,2026,9,tanggal,Jawa Tengah,Jepara,SDN 1 Srobyong | SMK Nawakartika Sekuro | MA Nawakartika Sekuro,370 Siswa + 28 Guru,398,angka_literal,3,1,https://www.cirebonraya.com/nusantara/43717620491/lagi-ratusan-siswa-dan-guru-di-jepara-diduga-keracunan-massal-menu-mbg-operasional-sppg-sekuro-disetop-sementara,"[""https://www.cirebonraya.com/nusantara/43717620491/lagi-ratusan-siswa-dan-guru-di-jepara-diduga-keracunan-massal-menu-mbg-operasional-sppg-sekuro-disetop-sementara""]",,belum_diperiksa_individual,True,,29876794,2026-09-18
W29876794-r491c6,7 September 2026,2026-09-07,2026,9,tanggal,Daerah Istimewa Yogyakarta,Sleman,SD Muhammadiyah Balerante | SMP Negeri 3 Turi | SMK Muhammadiyah I Turi,101 Orang,101,angka_literal,3,1,https://jogja.tribunnews.com/diy/1222571/korban-keracunan-setelah-santap-mbg-di-turi-sleman-bertambah-jadi-101-siswa-dua-rawat-inap,"[""https://jogja.tribunnews.com/diy/1222571/korban-keracunan-setelah-santap-mbg-di-turi-sleman-bertambah-jadi-101-siswa-dua-rawat-inap""]",,belum_diperiksa_individual,True,,29876794,2026-09-18
W29876794-r408c6,8 September 2026,2026-09-08,2026,9,tanggal,Jawa Tengah,Rembang,MAN 2 Rembang,271 Siswa dan 7 Guru,278,angka_literal,1,1,https://banyumas.tribunnews.com/jateng/95884/santap-ayam-kare-mbg-271-siswa-dan-guru-man-2-rembang-mengalami-keracunan-massal,"[""https://banyumas.tribunnews.com/jateng/95884/santap-ayam-kare-mbg-271-siswa-dan-guru-man-2-rembang-mengalami-keracunan-massal""]",,belum_diperiksa_individual,True,,29876794,2026-09-18
W29876794-r431c6,8 September 2026,2026-09-08,2026,9,tanggal,Jawa Tengah,Blora,SMAN 1 Tunjungan,136 Siswa + 1 Guru,137,angka_literal,1,1,https://www.detik.com/jateng/berita/d-8653953/137-siswa-guru-sman-1-tunjungan-blora-keracunan-mbg,"[""https://www.detik.com/jateng/berita/d-8653953/137-siswa-guru-sman-1-tunjungan-blora-keracunan-mbg""]",,belum_diperiksa_individual,True,,29876794,2026-09-18
W29876794-r449c6,9 September 2026,2026-09-09,2026,9,tanggal,Jawa Tengah,Pati,SDN 3 Gembong | MI Miftahul | SMPN 1 Gembong | MTSN 3 Pati | MTs Manbaul Ulum | Posyandu Anggrek,424 Siswa,424,angka_literal,6,1,https://serikatnews.com/korban-keracunan-mbg-di-pati-capai-424-orang/,"[""https://serikatnews.com/korban-keracunan-mbg-di-pati-capai-424-orang/""]",,belum_diperiksa_individual,True,,29876794,2026-09-18
W29876794-r631c6,9 September 2026,2026-09-09,2026,9,tanggal,Jawa Timur,Kota Madiun,SDN 2 Kanigoro,30 Siswa,30,angka_literal,1,1,https://surabaya.kompas.com/read/2026/09/09/162042878/guru-dan-siswa-sd-di-madiun-diduga-keracunan-mbg-dirawat-di-puskesmas-dan,"[""https://surabaya.kompas.com/read/2026/09/09/162042878/guru-dan-siswa-sd-di-madiun-diduga-keracunan-mbg-dirawat-di-puskesmas-dan""]",,belum_diperiksa_individual,True,,29876794,2026-09-18
W29876794-r324c6,10 September 2026,2026-09-10,2026,9,tanggal,Jawa Barat,Bandung Barat,SDN 2 Cipeundeuy,31 Siswa + 1 Guru,32,angka_literal,1,1,https://jabar.tribunnews.com/metro-bandung/1184202/tak-cuma-31-siswa-satu-guru-sd-negeri-2-cipeundeuy-padalarang-juga-jadi-korban-keracunan-mbg,"[""https://jabar.tribunnews.com/metro-bandung/1184202/tak-cuma-31-siswa-satu-guru-sd-negeri-2-cipeundeuy-padalarang-juga-jadi-korban-keracunan-mbg""]",,belum_diperiksa_individual,True,,29876794,2026-09-18
W29876794-r659c6,11 September 2026,2026-09-11,2026,9,tanggal,Nusa Tenggara Barat,Lombok Tengah,SDN 2 Lendang Tampel | SDN Repok Puyung | SDN Beber | SDN Mertak Kesambik | MTs Qudwatun Hasanah,352 Siswa,352,angka_literal,5,1,https://afu.id/nasional/keracunan-mbg-di-lombok-tengah-masif-352-siswa-sd-jadi-korban-wali-murid-geram-desak-program-dihentikan,"[""https://afu.id/nasional/keracunan-mbg-di-lombok-tengah-masif-352-siswa-sd-jadi-korban-wali-murid-geram-desak-program-dihentikan""]",,belum_diperiksa_individual,True,,29876794,2026-09-18
W29876794-r24c6,14 September 2026,2026-09-14,2026,9,tanggal,Sumatera Utara,Karo,SMKN 1 Merdeka,35 Siswa,35,angka_literal,1,1,https://www.beritanusa.com/sumatera-utara/2503031129/kembali-terjadi-35-siswa-smkn-1-merdeka-karo-diduga-keracunan-menu-mbg-30-dirawat-di-rs,"[""https://www.beritanusa.com/sumatera-utara/2503031129/kembali-terjadi-35-siswa-smkn-1-merdeka-karo-diduga-keracunan-menu-mbg-30-dirawat-di-rs""]",,belum_diperiksa_individual,True,,29876794,2026-09-18
W29876794-r25c6,14 September 2026,2026-09-14,2026,9,tanggal,Sumatera Utara,Asahan,MTsN 2 Kisaran,30 Siswa,30,angka_literal,1,1,https://medan.kompas.com/read/2026/09/14/162019778/puluhan-siswa-di-asahan-diduga-keracunan-mbg-sejumlah-ompreng-berbau-tak-sedap,"[""https://medan.kompas.com/read/2026/09/14/162019778/puluhan-siswa-di-asahan-diduga-keracunan-mbg-sejumlah-ompreng-berbau-tak-sedap""]",,belum_diperiksa_individual,True,,29876794,2026-09-18
W29876794-r261c6,14 September 2026,2026-09-14,2026,9,tanggal,Jawa Barat,Kuningan,SMP (Spesifik tidak disebutkan),30 Pelajar,30,angka_literal,1,1,https://jabar.tribunnews.com/jabar-region/1184295/30-pelajar-di-ciwaru-kuningan-keracunan-mbg-bupati-jenguk-korban-dan-uji-sampel-makanan,"[""https://jabar.tribunnews.com/jabar-region/1184295/30-pelajar-di-ciwaru-kuningan-keracunan-mbg-bupati-jenguk-korban-dan-uji-sampel-makanan""]",,belum_diperiksa_individual,True,,29876794,2026-09-18
W29876794-r41c6,14 September 2026,2026-09-14,2026,9,tanggal,Sumatera Barat,Kota Pariaman,MTsN 1 Kota Pariaman | SMP 1 Kota Pariaman,126 Siswa,126,angka_literal,2,1,https://www.kompas.id/artikel/korban-keracunan-mbg-di-pariaman-bertambah-empat-siswa-dirawat-di-rumah-sakit,"[""https://www.kompas.id/artikel/korban-keracunan-mbg-di-pariaman-bertambah-empat-siswa-dirawat-di-rumah-sakit""]",,belum_diperiksa_individual,True,,29876794,2026-09-18
W29876794-r623c6,15 September 2026,2026-09-15,2026,9,tanggal,Jawa Timur,Trenggalek,SMP Global | MA Global,77 Siswa + Guru,,komponen_tidak_jelas,2,1,https://afu.id/humaniora/keracunan-mbg-77-siswa-dan-guru-di-trenggalek-alami-diare-massal,"[""https://afu.id/humaniora/keracunan-mbg-77-siswa-dan-guru-di-trenggalek-alami-diare-massal""]",,belum_diperiksa_individual,False,komponen_tidak_jelas,29876794,2026-09-18
W29876794-r481c6,16 September 2026,2026-09-16,2026,9,tanggal,Daerah Istimewa Yogyakarta,Kulon Progo,MTs (Madrasah Tsanawiyah) Ma'arif,27 Siswa,27,angka_literal,1,1,https://jogja.tribunnews.com/diy/1223223/puluhan-pelajar-temon-mual-dan-muntah-setelah-santap-mbg,"[""https://jogja.tribunnews.com/diy/1223223/puluhan-pelajar-temon-mual-dan-muntah-setelah-santap-mbg""]",,belum_diperiksa_individual,True,,29876794,2026-09-18
W29876794-r108c6,Agustus 2025,,2025,8,bulan,Kepulauan Bangka Belitung,Belitung Timur,TBA (Tidak Diumumkan),TBA (Tidak Diumumkan),,tidak_tersedia,1,1,https://www.antaranews.com/berita/5126560/bpom-bakteri-salmonella-di-lauk-picu-keracunan-mbg-belitung-timur,"[""https://www.antaranews.com/berita/5126560/bpom-bakteri-salmonella-di-lauk-picu-keracunan-mbg-belitung-timur""]",,belum_diperiksa_individual,False,tidak_tersedia; tanggal_bulan,29876794,2026-09-18
W29876794-r136c6,Tidak Disebutkan,,,,tidak_tersedia,Lampung,Lampung Selatan,TBA( Tidak Disebutkan),27 Siswa,27,angka_literal,1,1,https://www.liputan6.com/regional/read/6169729/siswa-keracunan-massal-mbg-pemprov-lampung-hentikan-sementara-dapur-makanan,"[""https://www.liputan6.com/regional/read/6169729/siswa-keracunan-massal-mbg-pemprov-lampung-hentikan-sementara-dapur-makanan""]",,belum_diperiksa_individual,False,tanggal_tidak_tersedia,29876794,2026-09-18
W29876794-r187c6,September 2025,,2025,9,bulan,Banten,Kota Tangerang Selatan,SD (Spesifik tidak disebutkan),TBA (Tidak Diumumkan),,tidak_tersedia,1,1,https://tangselife.com/news/pilar-saga-ichsan-ungkap-sempat-ada-kasus-keracunan-mbg-di-tangsel,"[""https://tangselife.com/news/pilar-saga-ichsan-ungkap-sempat-ada-kasus-keracunan-mbg-di-tangsel""]",,belum_diperiksa_individual,False,tidak_tersedia; tanggal_bulan,29876794,2026-09-18
W29876794-r199c6,Tidak Disebutkan,,,,tidak_tersedia,DKI Jakarta,Jakarta Utara,Kelurahan Lagoa,79 Siswa,79,angka_literal,1,1,https://ruminews.id/2025/09/23/keracunan-massal-program-mbg-dpr-minta-evaluasi-sistem-jppi-desak-moratorium/,"[""https://ruminews.id/2025/09/23/keracunan-massal-program-mbg-dpr-minta-evaluasi-sistem-jppi-desak-moratorium/""]",,belum_diperiksa_individual,False,tanggal_tidak_tersedia,29876794,2026-09-18
W29876794-r244c6,7 S/d 9 Mei 2025,,2025,5,rentang,Jawa Barat,Kota Bogor,TK Bosowa Bina Insani | SD Bosowa Bina Insani | SMP Bosowa Bina Insani | SMA Bosowa Bina Insani | SDN Kukupu 3 | SDN Kedung Waringin | SDN Kedung Jaya 1 | SDN Kedung Jaya 2 | SMP Bina Greha,28 Siswa | 13 Siswa | 96 Siswa | 1 Siswa | 8 Siswa | 7 Siswa | 16 Siswa | 46 Siswa | 8 Siswa,223,angka_literal,9,9,https://www.tribunnews.com/nasional/2025/05/13/223-anak-di-bogor-jadi-korban-keracunan-mbg-bpom-danwali-kota-bogor-ambil-sikap,"[""https://www.tribunnews.com/nasional/2025/05/13/223-anak-di-bogor-jadi-korban-keracunan-mbg-bpom-danwali-kota-bogor-ambil-sikap""]",,belum_diperiksa_individual,False,tanggal_rentang,29876794,2026-09-18
W29876794-r619c6,Awal Februari 2026,,2026,2,bulan,Jawa Timur,Trenggalek,SD (Spesifik tidak disebutkan) | SMP (Spesifik tidak disebutkan),157 Siswa,157,angka_literal,2,1,https://minakonews.com/gelombang-keracunan-massal-siswa-program-mbg-disorot/,"[""https://minakonews.com/gelombang-keracunan-massal-siswa-program-mbg-disorot/""]",,belum_diperiksa_individual,False,tanggal_bulan,29876794,2026-09-18
W29876794-r794c6,Januari 2026,,2026,1,bulan,Sulawesi Tenggara,Kota Kendari,TBA (Tidak disebutkan),66 Anak,66,angka_literal,1,1,https://www.kalderanews.com/2026/01/lebih-dari-seribu-anak-keracunan-mbg-sepanjang-januari-jppi-sekolah-diduga-dibungkam/,"[""https://www.kalderanews.com/2026/01/lebih-dari-seribu-anak-keracunan-mbg-sepanjang-januari-jppi-sekolah-diduga-dibungkam/"", ""https://www.kalderanews.com""]",,belum_diperiksa_individual,False,tanggal_bulan,29876794,2026-09-18
